id,name,email,address_id,created_at,updated_at
1,Pat,pcossam0@last.fm,144,2025-08-29T00:00:00.000Z,2025-08-29T00:00:00.000Z
2,Clotilda,cmatyushenko1@storify.com,99,2025-08-29T00:00:00.000Z,2025-08-29T00:00:00.000Z
3,Issy,igrinikhinov2@nymag.com,85,2025-08-29T00:00:00.000Z,2025-08-29T00:00:00.000Z
4,Henka,hkettley3@taobao.com,328,2025-08-29T00:00:00.000Z,2025-08-29T00:00:00.000Z
5,Chery,clilbourne4@slashdot.org,364,2025-08-29T00:00:00.000Z,2025-08-29T00:00:00.000Z
6,Ibbie,ilanfear5@china.com.cn,89,2025-08-29T00:00:00.000Z,2025-08-29T00:00:00.000Z
7,Neely,ngarwood6@scientificamerican.com,314,2025-08-29T00:00:00.000Z,2025-08-29T00:00:00.000Z
8,Kirstin,kbrownhall7@ehow.com,457,2025-08-29T00:00:00.000Z,2025-08-29T00:00:00.000Z
9,Lesly,lsandiland8@tripod.com,30,2025-08-29T00:00:00.000Z,2025-08-29T00:00:00.000Z
10,Noami,nbeardshall9@aol.com,92,2025-08-29T00:00:00.000Z,2025-08-29T00:00:00.000Z
11,Suzi,seilerta@ihg.com,357,2025-08-29T00:00:00.000Z,2025-08-29T00:00:00.000Z
12,Aubine,anaismithb@miitbeian.gov.cn,234,2025-08-29T00:00:00.000Z,2025-08-29T00:00:00.000Z
13,Fifine,fhancellc@msu.edu,96,2025-08-29T00:00:00.000Z,2025-08-29T00:00:00.000Z
14,Cayla,cblackmored@utexas.edu,417,2025-08-29T00:00:00.000Z,2025-08-29T00:00:00.000Z
15,Cornelius,cduriee@surveymonkey.com,48,2025-08-29T00:00:00.000Z,2025-08-29T00:00:00.000Z
16,Thaddeus,tmonikerf@si.edu,349,2025-08-29T00:00:00.000Z,2025-08-29T00:00:00.000Z
17,Ennis,ehulkesg@aboutads.info,167,2025-08-29T00:00:00.000Z,2025-08-29T00:00:00.000Z
18,Redd,rbraffertonh@biglobe.ne.jp,287,2025-08-29T00:00:00.000Z,2025-08-29T00:00:00.000Z
19,Petey,pandreuccii@cloudflare.com,370,2025-08-29T00:00:00.000Z,2025-08-29T00:00:00.000Z
20,Lynnea,ldrakardj@tripadvisor.com,319,2025-08-29T00:00:00.000Z,2025-08-29T00:00:00.000Z
21,Ginny,gwidgerk@163.com,340,2025-08-29T00:00:00.000Z,2025-08-29T00:00:00.000Z
22,Neysa,nscarffl@mozilla.org,94,2025-08-29T00:00:00.000Z,2025-08-29T00:00:00.000Z
23,Bennie,blamasnam@godaddy.com,387,2025-08-29T00:00:00.000Z,2025-08-29T00:00:00.000Z
24,Immanuel,ivandevliesn@businessinsider.com,83,2025-08-29T00:00:00.000Z,2025-08-29T00:00:00.000Z
25,Raimundo,rhenrieto@cnbc.com,55,2025-08-29T00:00:00.000Z,2025-08-29T00:00:00.000Z
26,Danila,dturmellp@nifty.com,72,2025-08-29T00:00:00.000Z,2025-08-29T00:00:00.000Z
27,Lorelei,lbottleq@samsung.com,436,2025-08-29T00:00:00.000Z,2025-08-29T00:00:00.000Z
28,Jaimie,jsecretanr@kickstarter.com,152,2025-08-29T00:00:00.000Z,2025-08-29T00:00:00.000Z
29,Lesley,lcleynes@salon.com,269,2025-08-29T00:00:00.000Z,2025-08-29T00:00:00.000Z
30,Janean,jjerzycowskit@nih.gov,370,2025-08-29T00:00:00.000Z,2025-08-29T00:00:00.000Z
31,Torrence,tveldeu@yahoo.com,200,2025-08-29T00:00:00.000Z,2025-08-29T00:00:00.000Z
32,Devin,dlowesv@nhs.uk,36,2025-08-29T00:00:00.000Z,2025-08-29T00:00:00.000Z
33,Gisela,gjanosevicw@weibo.com,412,2025-08-29T00:00:00.000Z,2025-08-29T00:00:00.000Z
34,Lily,lbottlesonx@sitemeter.com,40,2025-08-29T00:00:00.000Z,2025-08-29T00:00:00.000Z
35,Wolfie,wcracoey@ezinearticles.com,55,2025-08-29T00:00:00.000Z,2025-08-29T00:00:00.000Z
36,Park,pthunnercliffz@globo.com,137,2025-08-29T00:00:00.000Z,2025-08-29T00:00:00.000Z
37,Georges,gbroz10@nba.com,354,2025-08-29T00:00:00.000Z,2025-08-29T00:00:00.000Z
38,Freddi,fvondruska11@vistaprint.com,248,2025-08-29T00:00:00.000Z,2025-08-29T00:00:00.000Z
39,Coletta,cvanichev12@gov.uk,317,2025-08-29T00:00:00.000Z,2025-08-29T00:00:00.000Z
40,Barbey,bwhiting13@yahoo.co.jp,447,2025-08-29T00:00:00.000Z,2025-08-29T00:00:00.000Z
41,Broderick,bcharpin14@sitemeter.com,264,2025-08-29T00:00:00.000Z,2025-08-29T00:00:00.000Z
42,Nappie,noddy15@g.co,449,2025-08-29T00:00:00.000Z,2025-08-29T00:00:00.000Z
43,Ramonda,ritzhayek16@godaddy.com,190,2025-08-29T00:00:00.000Z,2025-08-29T00:00:00.000Z
44,Nissie,nsimcock17@baidu.com,321,2025-08-29T00:00:00.000Z,2025-08-29T00:00:00.000Z
45,Dollie,dgilhouley18@vkontakte.ru,217,2025-08-29T00:00:00.000Z,2025-08-29T00:00:00.000Z
46,Shanie,spoe19@mapquest.com,213,2025-08-29T00:00:00.000Z,2025-08-29T00:00:00.000Z
47,Silvan,sgatesman1a@mit.edu,111,2025-08-29T00:00:00.000Z,2025-08-29T00:00:00.000Z
48,Tonnie,tjoselevitz1b@reverbnation.com,100,2025-08-29T00:00:00.000Z,2025-08-29T00:00:00.000Z
49,Alfie,abugbird1c@dailymotion.com,238,2025-08-29T00:00:00.000Z,2025-08-29T00:00:00.000Z
50,Selia,scornau1d@boston.com,234,2025-08-29T00:00:00.000Z,2025-08-29T00:00:00.000Z
51,Terrye,tsadgrove1e@bravesites.com,218,2025-08-29T00:00:00.000Z,2025-08-29T00:00:00.000Z
52,Colleen,cprettyjohn1f@amazonaws.com,157,2025-08-29T00:00:00.000Z,2025-08-29T00:00:00.000Z
53,Coop,cgiffon1g@dell.com,482,2025-08-29T00:00:00.000Z,2025-08-29T00:00:00.000Z
54,Amity,alevane1h@godaddy.com,213,2025-08-29T00:00:00.000Z,2025-08-29T00:00:00.000Z
55,Laurie,loyley1i@hhs.gov,82,2025-08-29T00:00:00.000Z,2025-08-29T00:00:00.000Z
56,Sal,sbarnham1j@domainmarket.com,369,2025-08-29T00:00:00.000Z,2025-08-29T00:00:00.000Z
57,Verile,vmildner1k@livejournal.com,28,2025-08-29T00:00:00.000Z,2025-08-29T00:00:00.000Z
58,Sanders,smacardle1l@yandex.ru,195,2025-08-29T00:00:00.000Z,2025-08-29T00:00:00.000Z
59,Modestia,molphert1m@cafepress.com,364,2025-08-29T00:00:00.000Z,2025-08-29T00:00:00.000Z
60,Bernie,bdanaher1n@shop-pro.jp,293,2025-08-29T00:00:00.000Z,2025-08-29T00:00:00.000Z
61,Karolina,kbicksteth1o@paginegialle.it,415,2025-08-29T00:00:00.000Z,2025-08-29T00:00:00.000Z
62,Chiquia,cvelareal1p@etsy.com,147,2025-08-29T00:00:00.000Z,2025-08-29T00:00:00.000Z
63,Jody,jacland1q@cafepress.com,441,2025-08-29T00:00:00.000Z,2025-08-29T00:00:00.000Z
64,Gris,gswanbourne1r@cocolog-nifty.com,463,2025-08-29T00:00:00.000Z,2025-08-29T00:00:00.000Z
65,Sydel,sderoeck1s@netscape.com,125,2025-08-29T00:00:00.000Z,2025-08-29T00:00:00.000Z
66,Vaughan,vmakepeace1t@marriott.com,48,2025-08-29T00:00:00.000Z,2025-08-29T00:00:00.000Z
67,Ximenes,xsans1u@people.com.cn,420,2025-08-29T00:00:00.000Z,2025-08-29T00:00:00.000Z
68,Athena,aspeek1v@infoseek.co.jp,451,2025-08-29T00:00:00.000Z,2025-08-29T00:00:00.000Z
69,Ignacius,ishalcros1w@topsy.com,393,2025-08-29T00:00:00.000Z,2025-08-29T00:00:00.000Z
70,Bonnie,bcallaby1x@purevolume.com,370,2025-08-29T00:00:00.000Z,2025-08-29T00:00:00.000Z
71,Gustav,galliston1y@accuweather.com,341,2025-08-29T00:00:00.000Z,2025-08-29T00:00:00.000Z
72,Bennie,boxbury1z@cbsnews.com,109,2025-08-29T00:00:00.000Z,2025-08-29T00:00:00.000Z
73,Sterling,shourican20@census.gov,300,2025-08-29T00:00:00.000Z,2025-08-29T00:00:00.000Z
74,Titos,thillam21@netlog.com,174,2025-08-29T00:00:00.000Z,2025-08-29T00:00:00.000Z
75,Sheri,soffen22@hud.gov,56,2025-08-29T00:00:00.000Z,2025-08-29T00:00:00.000Z
76,Laurella,llarmuth23@aol.com,427,2025-08-29T00:00:00.000Z,2025-08-29T00:00:00.000Z
77,Corabella,csnoddon24@quantcast.com,220,2025-08-29T00:00:00.000Z,2025-08-29T00:00:00.000Z
78,Caryl,carcher25@nba.com,394,2025-08-29T00:00:00.000Z,2025-08-29T00:00:00.000Z
79,Dionis,dbenny26@cbc.ca,210,2025-08-29T00:00:00.000Z,2025-08-29T00:00:00.000Z
80,Rikki,rmartygin27@miitbeian.gov.cn,154,2025-08-29T00:00:00.000Z,2025-08-29T00:00:00.000Z
81,Obie,olowsely28@archive.org,86,2025-08-29T00:00:00.000Z,2025-08-29T00:00:00.000Z
82,Fielding,fbucktrout29@rambler.ru,228,2025-08-29T00:00:00.000Z,2025-08-29T00:00:00.000Z
83,Boonie,boakhill2a@netvibes.com,65,2025-08-29T00:00:00.000Z,2025-08-29T00:00:00.000Z
84,Nathalie,ngunnell2b@sina.com.cn,323,2025-08-29T00:00:00.000Z,2025-08-29T00:00:00.000Z
85,Mile,mvogeller2c@theguardian.com,492,2025-08-29T00:00:00.000Z,2025-08-29T00:00:00.000Z
86,Seana,sgyenes2d@typepad.com,345,2025-08-29T00:00:00.000Z,2025-08-29T00:00:00.000Z
87,Denny,dfronczak2e@hc360.com,445,2025-08-29T00:00:00.000Z,2025-08-29T00:00:00.000Z
88,Paulo,pfancett2f@ask.com,466,2025-08-29T00:00:00.000Z,2025-08-29T00:00:00.000Z
89,Tiffie,tjoire2g@jigsy.com,494,2025-08-29T00:00:00.000Z,2025-08-29T00:00:00.000Z
90,Ferguson,fpollard2h@ameblo.jp,255,2025-08-29T00:00:00.000Z,2025-08-29T00:00:00.000Z
91,Prudy,pbehninck2i@washington.edu,476,2025-08-29T00:00:00.000Z,2025-08-29T00:00:00.000Z
92,Mureil,mcasari2j@rediff.com,143,2025-08-29T00:00:00.000Z,2025-08-29T00:00:00.000Z
93,Petronilla,pblodgetts2k@godaddy.com,430,2025-08-29T00:00:00.000Z,2025-08-29T00:00:00.000Z
94,Kirk,khawgood2l@mozilla.com,240,2025-08-29T00:00:00.000Z,2025-08-29T00:00:00.000Z
95,Norina,ngritsaev2m@stumbleupon.com,282,2025-08-29T00:00:00.000Z,2025-08-29T00:00:00.000Z
96,Lucius,lrothschild2n@vistaprint.com,203,2025-08-29T00:00:00.000Z,2025-08-29T00:00:00.000Z
97,Effie,edyment2o@time.com,344,2025-08-29T00:00:00.000Z,2025-08-29T00:00:00.000Z
98,Tommy,tbedingfield2p@apple.com,402,2025-08-29T00:00:00.000Z,2025-08-29T00:00:00.000Z
99,Melicent,mraggett2q@issuu.com,141,2025-08-29T00:00:00.000Z,2025-08-29T00:00:00.000Z
100,Clifford,ckurth2r@prlog.org,192,2025-08-29T00:00:00.000Z,2025-08-29T00:00:00.000Z
101,Ursula,ulempke2s@blogtalkradio.com,43,2025-08-29T00:00:00.000Z,2025-08-29T00:00:00.000Z
102,Jehu,jharbron2t@fotki.com,174,2025-08-29T00:00:00.000Z,2025-08-29T00:00:00.000Z
103,Merrick,mplatt2u@nifty.com,299,2025-08-29T00:00:00.000Z,2025-08-29T00:00:00.000Z
104,Elvina,epeyton2v@bandcamp.com,352,2025-08-29T00:00:00.000Z,2025-08-29T00:00:00.000Z
105,Miranda,mperigo2w@tinypic.com,263,2025-08-29T00:00:00.000Z,2025-08-29T00:00:00.000Z
106,Alyda,abiggs2x@baidu.com,27,2025-08-29T00:00:00.000Z,2025-08-29T00:00:00.000Z
107,Rooney,rcavell2y@livejournal.com,107,2025-08-29T00:00:00.000Z,2025-08-29T00:00:00.000Z
108,Jaymie,jfeldharker2z@msu.edu,342,2025-08-29T00:00:00.000Z,2025-08-29T00:00:00.000Z
109,Red,rblumson30@google.cn,208,2025-08-29T00:00:00.000Z,2025-08-29T00:00:00.000Z
110,Willy,wbenfield31@un.org,437,2025-08-29T00:00:00.000Z,2025-08-29T00:00:00.000Z
111,Claudelle,ctreuge32@umich.edu,357,2025-08-29T00:00:00.000Z,2025-08-29T00:00:00.000Z
112,Ignace,igiraldo33@wikimedia.org,362,2025-08-29T00:00:00.000Z,2025-08-29T00:00:00.000Z
113,Artur,aropars34@fda.gov,199,2025-08-29T00:00:00.000Z,2025-08-29T00:00:00.000Z
114,Ara,aabrahamsson35@kickstarter.com,292,2025-08-29T00:00:00.000Z,2025-08-29T00:00:00.000Z
115,Cordell,cladel36@domainmarket.com,394,2025-08-29T00:00:00.000Z,2025-08-29T00:00:00.000Z
116,Kirbee,kpeers37@techcrunch.com,372,2025-08-29T00:00:00.000Z,2025-08-29T00:00:00.000Z
117,Jere,jdemars38@webs.com,97,2025-08-29T00:00:00.000Z,2025-08-29T00:00:00.000Z
118,Nyssa,nbavin39@imgur.com,46,2025-08-29T00:00:00.000Z,2025-08-29T00:00:00.000Z
119,Noni,nrichmont3a@wikimedia.org,289,2025-08-29T00:00:00.000Z,2025-08-29T00:00:00.000Z
120,Wendeline,wlipscombe3b@marriott.com,55,2025-08-29T00:00:00.000Z,2025-08-29T00:00:00.000Z
121,Guss,gsoar3c@digg.com,336,2025-08-29T00:00:00.000Z,2025-08-29T00:00:00.000Z
122,Thatcher,tgabbitis3d@mozilla.org,435,2025-08-29T00:00:00.000Z,2025-08-29T00:00:00.000Z
123,Pascale,pnani3e@studiopress.com,191,2025-08-29T00:00:00.000Z,2025-08-29T00:00:00.000Z
124,Delly,dpoundford3f@github.io,399,2025-08-29T00:00:00.000Z,2025-08-29T00:00:00.000Z
125,Ransell,rdjakovic3g@accuweather.com,447,2025-08-29T00:00:00.000Z,2025-08-29T00:00:00.000Z
126,Jarred,jcormode3h@thetimes.co.uk,87,2025-08-29T00:00:00.000Z,2025-08-29T00:00:00.000Z
127,Laural,lmanzell3i@plala.or.jp,304,2025-08-29T00:00:00.000Z,2025-08-29T00:00:00.000Z
128,Callie,caitkenhead3j@paginegialle.it,99,2025-08-29T00:00:00.000Z,2025-08-29T00:00:00.000Z
129,Emmerich,ehubach3k@theguardian.com,449,2025-08-29T00:00:00.000Z,2025-08-29T00:00:00.000Z
130,Forbes,fverdie3l@chicagotribune.com,189,2025-08-29T00:00:00.000Z,2025-08-29T00:00:00.000Z
131,Mitchael,msholem3m@icio.us,276,2025-08-29T00:00:00.000Z,2025-08-29T00:00:00.000Z
132,Blondell,bsangar3n@senate.gov,117,2025-08-29T00:00:00.000Z,2025-08-29T00:00:00.000Z
133,Birdie,bstachini3o@1688.com,382,2025-08-29T00:00:00.000Z,2025-08-29T00:00:00.000Z
134,Pammy,prosbottom3p@amazonaws.com,259,2025-08-29T00:00:00.000Z,2025-08-29T00:00:00.000Z
135,Paulie,pbestiman3q@shop-pro.jp,192,2025-08-29T00:00:00.000Z,2025-08-29T00:00:00.000Z
136,Cristine,cpalffy3r@ocn.ne.jp,194,2025-08-29T00:00:00.000Z,2025-08-29T00:00:00.000Z
137,Allin,acorris3s@huffingtonpost.com,175,2025-08-29T00:00:00.000Z,2025-08-29T00:00:00.000Z
138,Wallas,wlassells3t@usda.gov,362,2025-08-29T00:00:00.000Z,2025-08-29T00:00:00.000Z
139,Elbertine,eyanson3u@webs.com,432,2025-08-29T00:00:00.000Z,2025-08-29T00:00:00.000Z
140,Birgitta,bnias3v@dot.gov,311,2025-08-29T00:00:00.000Z,2025-08-29T00:00:00.000Z
141,Garland,gbagot3w@smh.com.au,103,2025-08-29T00:00:00.000Z,2025-08-29T00:00:00.000Z
142,Bailie,bclulee3x@sina.com.cn,345,2025-08-29T00:00:00.000Z,2025-08-29T00:00:00.000Z
143,Bernette,btrulocke3y@is.gd,429,2025-08-29T00:00:00.000Z,2025-08-29T00:00:00.000Z
144,Dorene,dbrandts3z@eventbrite.com,162,2025-08-29T00:00:00.000Z,2025-08-29T00:00:00.000Z
145,Delinda,dmaclaverty40@alexa.com,410,2025-08-29T00:00:00.000Z,2025-08-29T00:00:00.000Z
146,Myrle,mtranmer41@alibaba.com,248,2025-08-29T00:00:00.000Z,2025-08-29T00:00:00.000Z
147,Wolfgang,wshilito42@smugmug.com,455,2025-08-29T00:00:00.000Z,2025-08-29T00:00:00.000Z
148,Bell,blutas43@shareasale.com,231,2025-08-29T00:00:00.000Z,2025-08-29T00:00:00.000Z
149,Odell,ogorce44@discuz.net,195,2025-08-29T00:00:00.000Z,2025-08-29T00:00:00.000Z
150,Noella,naupol45@dmoz.org,324,2025-08-29T00:00:00.000Z,2025-08-29T00:00:00.000Z
151,Minette,mmaccoveney46@infoseek.co.jp,175,2025-08-29T00:00:00.000Z,2025-08-29T00:00:00.000Z
152,Heloise,hpeabody47@pcworld.com,92,2025-08-29T00:00:00.000Z,2025-08-29T00:00:00.000Z
153,Nicko,nmacnalley48@apache.org,278,2025-08-29T00:00:00.000Z,2025-08-29T00:00:00.000Z
154,Skippie,srozycki49@posterous.com,283,2025-08-29T00:00:00.000Z,2025-08-29T00:00:00.000Z
155,Morlee,mredsall4a@umn.edu,350,2025-08-29T00:00:00.000Z,2025-08-29T00:00:00.000Z
156,Hilliary,hpilfold4b@vimeo.com,33,2025-08-29T00:00:00.000Z,2025-08-29T00:00:00.000Z
157,Elbertine,ecadreman4c@yelp.com,97,2025-08-29T00:00:00.000Z,2025-08-29T00:00:00.000Z
158,Chad,cparamore4d@amazon.com,485,2025-08-29T00:00:00.000Z,2025-08-29T00:00:00.000Z
159,Hyacinth,hhyder4e@about.com,345,2025-08-29T00:00:00.000Z,2025-08-29T00:00:00.000Z
160,Lindsey,lwinridge4f@github.io,217,2025-08-29T00:00:00.000Z,2025-08-29T00:00:00.000Z
161,Lezley,lquadri4g@xing.com,65,2025-08-29T00:00:00.000Z,2025-08-29T00:00:00.000Z
162,Maurine,mduckers4h@nytimes.com,471,2025-08-29T00:00:00.000Z,2025-08-29T00:00:00.000Z
163,Pamela,phackforth4i@timesonline.co.uk,371,2025-08-29T00:00:00.000Z,2025-08-29T00:00:00.000Z
164,Salomo,sgrassett4j@1688.com,132,2025-08-29T00:00:00.000Z,2025-08-29T00:00:00.000Z
165,Larissa,latyeo4k@state.tx.us,245,2025-08-29T00:00:00.000Z,2025-08-29T00:00:00.000Z
166,Thurstan,tmccray4l@phpbb.com,215,2025-08-29T00:00:00.000Z,2025-08-29T00:00:00.000Z
167,Felita,fpindar4m@slate.com,92,2025-08-29T00:00:00.000Z,2025-08-29T00:00:00.000Z
168,Giovanna,gcolleran4n@odnoklassniki.ru,132,2025-08-29T00:00:00.000Z,2025-08-29T00:00:00.000Z
169,Adrea,araunds4o@digg.com,462,2025-08-29T00:00:00.000Z,2025-08-29T00:00:00.000Z
170,Ingrim,icordery4p@blogger.com,298,2025-08-29T00:00:00.000Z,2025-08-29T00:00:00.000Z
171,Aguie,arushby4q@nationalgeographic.com,250,2025-08-29T00:00:00.000Z,2025-08-29T00:00:00.000Z
172,Jake,jcreenan4r@rambler.ru,114,2025-08-29T00:00:00.000Z,2025-08-29T00:00:00.000Z
173,Hamid,hbleeze4s@go.com,273,2025-08-29T00:00:00.000Z,2025-08-29T00:00:00.000Z
174,Annie,agillatt4t@yandex.ru,46,2025-08-29T00:00:00.000Z,2025-08-29T00:00:00.000Z
175,Melisande,mcantua4u@nymag.com,212,2025-08-29T00:00:00.000Z,2025-08-29T00:00:00.000Z
176,Araldo,abrugemann4v@miitbeian.gov.cn,116,2025-08-29T00:00:00.000Z,2025-08-29T00:00:00.000Z
177,Bunnie,btregoning4w@techcrunch.com,180,2025-08-29T00:00:00.000Z,2025-08-29T00:00:00.000Z
178,Robbie,rbrinkman4x@sbwire.com,450,2025-08-29T00:00:00.000Z,2025-08-29T00:00:00.000Z
179,Cirstoforo,chaycroft4y@hatena.ne.jp,495,2025-08-29T00:00:00.000Z,2025-08-29T00:00:00.000Z
180,Cheslie,cwaterland4z@narod.ru,354,2025-08-29T00:00:00.000Z,2025-08-29T00:00:00.000Z
181,Caesar,cmurkitt50@webmd.com,67,2025-08-29T00:00:00.000Z,2025-08-29T00:00:00.000Z
182,Ira,iloftie51@nydailynews.com,141,2025-08-29T00:00:00.000Z,2025-08-29T00:00:00.000Z
183,Cooper,cmattock52@dyndns.org,347,2025-08-29T00:00:00.000Z,2025-08-29T00:00:00.000Z
184,Leonidas,langell53@redcross.org,267,2025-08-29T00:00:00.000Z,2025-08-29T00:00:00.000Z
185,Maury,mdepinna54@yelp.com,297,2025-08-29T00:00:00.000Z,2025-08-29T00:00:00.000Z
186,Simona,sthomann55@wp.com,78,2025-08-29T00:00:00.000Z,2025-08-29T00:00:00.000Z
187,Benedikta,brodie56@a8.net,354,2025-08-29T00:00:00.000Z,2025-08-29T00:00:00.000Z
188,Roda,rvandevlies57@ow.ly,50,2025-08-29T00:00:00.000Z,2025-08-29T00:00:00.000Z
189,Graehme,gpeizer58@mapy.cz,369,2025-08-29T00:00:00.000Z,2025-08-29T00:00:00.000Z
190,Aprilette,avalerio59@oaic.gov.au,47,2025-08-29T00:00:00.000Z,2025-08-29T00:00:00.000Z
191,Harris,hleschelle5a@clickbank.net,193,2025-08-29T00:00:00.000Z,2025-08-29T00:00:00.000Z
192,Anatole,abenedicto5b@opensource.org,310,2025-08-29T00:00:00.000Z,2025-08-29T00:00:00.000Z
193,Ulises,usothern5c@prlog.org,89,2025-08-29T00:00:00.000Z,2025-08-29T00:00:00.000Z
194,Hebert,htibbits5d@flavors.me,51,2025-08-29T00:00:00.000Z,2025-08-29T00:00:00.000Z
195,Georgeanne,ggullen5e@slate.com,434,2025-08-29T00:00:00.000Z,2025-08-29T00:00:00.000Z
196,Fan,fashleigh5f@is.gd,280,2025-08-29T00:00:00.000Z,2025-08-29T00:00:00.000Z
197,Sherie,spafford5g@harvard.edu,198,2025-08-29T00:00:00.000Z,2025-08-29T00:00:00.000Z
198,Kathryn,khaseman5h@sciencedirect.com,161,2025-08-29T00:00:00.000Z,2025-08-29T00:00:00.000Z
199,Bertine,bwalley5i@facebook.com,128,2025-08-29T00:00:00.000Z,2025-08-29T00:00:00.000Z
200,Audrey,akunzel5j@wunderground.com,443,2025-08-29T00:00:00.000Z,2025-08-29T00:00:00.000Z
201,Benito,bstandage5k@wikia.com,329,2025-08-29T00:00:00.000Z,2025-08-29T00:00:00.000Z
202,Sherill,sgittings5l@usda.gov,218,2025-08-29T00:00:00.000Z,2025-08-29T00:00:00.000Z
203,Harrietta,hmemory5m@sourceforge.net,338,2025-08-29T00:00:00.000Z,2025-08-29T00:00:00.000Z
204,Sarene,ssnodin5n@ibm.com,69,2025-08-29T00:00:00.000Z,2025-08-29T00:00:00.000Z
205,Stace,saskew5o@youtu.be,351,2025-08-29T00:00:00.000Z,2025-08-29T00:00:00.000Z
206,Sanford,sescofier5p@shop-pro.jp,124,2025-08-29T00:00:00.000Z,2025-08-29T00:00:00.000Z
207,Wilmar,wwyllie5q@google.pl,43,2025-08-29T00:00:00.000Z,2025-08-29T00:00:00.000Z
208,Gilli,gshepland5r@lulu.com,62,2025-08-29T00:00:00.000Z,2025-08-29T00:00:00.000Z
209,Romy,rlongdon5s@cdc.gov,162,2025-08-29T00:00:00.000Z,2025-08-29T00:00:00.000Z
210,Peterus,pairey5t@ted.com,33,2025-08-29T00:00:00.000Z,2025-08-29T00:00:00.000Z
211,Freddie,fluetchford5u@princeton.edu,309,2025-08-29T00:00:00.000Z,2025-08-29T00:00:00.000Z
212,Juana,jcreyke5v@nbcnews.com,412,2025-08-29T00:00:00.000Z,2025-08-29T00:00:00.000Z
213,Artemus,amerle5w@narod.ru,277,2025-08-29T00:00:00.000Z,2025-08-29T00:00:00.000Z
214,Garrard,gchalliss5x@scribd.com,241,2025-08-29T00:00:00.000Z,2025-08-29T00:00:00.000Z
215,Ninon,nsalvidge5y@icq.com,332,2025-08-29T00:00:00.000Z,2025-08-29T00:00:00.000Z
216,Alix,agelder5z@disqus.com,67,2025-08-29T00:00:00.000Z,2025-08-29T00:00:00.000Z
217,Gabriella,gkenealy60@deliciousdays.com,378,2025-08-29T00:00:00.000Z,2025-08-29T00:00:00.000Z
218,Vivian,vsamweyes61@fotki.com,124,2025-08-29T00:00:00.000Z,2025-08-29T00:00:00.000Z
219,Ilsa,itownley62@artisteer.com,67,2025-08-29T00:00:00.000Z,2025-08-29T00:00:00.000Z
220,Colby,ccropton63@ustream.tv,333,2025-08-29T00:00:00.000Z,2025-08-29T00:00:00.000Z
221,Land,lmackee64@tmall.com,27,2025-08-29T00:00:00.000Z,2025-08-29T00:00:00.000Z
222,Durant,dlejeune65@e-recht24.de,165,2025-08-29T00:00:00.000Z,2025-08-29T00:00:00.000Z
223,Berti,bshepcutt66@yandex.ru,29,2025-08-29T00:00:00.000Z,2025-08-29T00:00:00.000Z
224,Dominique,dlebrum67@ibm.com,418,2025-08-29T00:00:00.000Z,2025-08-29T00:00:00.000Z
225,Carver,cwallbank68@miitbeian.gov.cn,423,2025-08-29T00:00:00.000Z,2025-08-29T00:00:00.000Z
226,Dillon,dgeratasch69@craigslist.org,456,2025-08-29T00:00:00.000Z,2025-08-29T00:00:00.000Z
227,Malinda,mphilo6a@umich.edu,96,2025-08-29T00:00:00.000Z,2025-08-29T00:00:00.000Z
228,Hilary,hhegdonne6b@nsw.gov.au,206,2025-08-29T00:00:00.000Z,2025-08-29T00:00:00.000Z
229,Yettie,ymurch6c@vimeo.com,106,2025-08-29T00:00:00.000Z,2025-08-29T00:00:00.000Z
230,Brenna,bmiddiff6d@yahoo.co.jp,221,2025-08-29T00:00:00.000Z,2025-08-29T00:00:00.000Z
231,Evered,egagin6e@pen.io,240,2025-08-29T00:00:00.000Z,2025-08-29T00:00:00.000Z
232,Waiter,wjanks6f@4shared.com,483,2025-08-29T00:00:00.000Z,2025-08-29T00:00:00.000Z
233,Bran,btomowicz6g@soundcloud.com,420,2025-08-29T00:00:00.000Z,2025-08-29T00:00:00.000Z
234,Danna,dmcilhatton6h@senate.gov,45,2025-08-29T00:00:00.000Z,2025-08-29T00:00:00.000Z
235,Freeman,foury6i@blog.com,173,2025-08-29T00:00:00.000Z,2025-08-29T00:00:00.000Z
236,Teodor,tphilcott6j@un.org,338,2025-08-29T00:00:00.000Z,2025-08-29T00:00:00.000Z
237,Jenilee,jarr6k@pbs.org,33,2025-08-29T00:00:00.000Z,2025-08-29T00:00:00.000Z
238,Dalli,dwinmill6l@51.la,417,2025-08-29T00:00:00.000Z,2025-08-29T00:00:00.000Z
239,Josi,jscorton6m@nationalgeographic.com,290,2025-08-29T00:00:00.000Z,2025-08-29T00:00:00.000Z
240,Vernor,vwyre6n@sina.com.cn,166,2025-08-29T00:00:00.000Z,2025-08-29T00:00:00.000Z
241,Curry,charding6o@irs.gov,492,2025-08-29T00:00:00.000Z,2025-08-29T00:00:00.000Z
242,Jackie,jkerne6p@statcounter.com,358,2025-08-29T00:00:00.000Z,2025-08-29T00:00:00.000Z
243,Lenna,ldani6q@sourceforge.net,73,2025-08-29T00:00:00.000Z,2025-08-29T00:00:00.000Z
244,Jewel,jkonrad6r@mit.edu,405,2025-08-29T00:00:00.000Z,2025-08-29T00:00:00.000Z
245,Elizabeth,epatterfield6s@tripod.com,265,2025-08-29T00:00:00.000Z,2025-08-29T00:00:00.000Z
246,Lita,ldugan6t@paginegialle.it,416,2025-08-29T00:00:00.000Z,2025-08-29T00:00:00.000Z
247,Nikolaos,nwaterson6u@illinois.edu,467,2025-08-29T00:00:00.000Z,2025-08-29T00:00:00.000Z
248,Jilli,jrobbeke6v@cnbc.com,194,2025-08-29T00:00:00.000Z,2025-08-29T00:00:00.000Z
249,Mitch,mpinckstone6w@adobe.com,474,2025-08-29T00:00:00.000Z,2025-08-29T00:00:00.000Z
250,Maynord,mandrivot6x@youku.com,500,2025-08-29T00:00:00.000Z,2025-08-29T00:00:00.000Z
251,Alisander,aattrey6y@etsy.com,385,2025-08-29T00:00:00.000Z,2025-08-29T00:00:00.000Z
252,Dell,dtommen6z@mashable.com,137,2025-08-29T00:00:00.000Z,2025-08-29T00:00:00.000Z
253,Talbert,tpendleton70@newsvine.com,169,2025-08-29T00:00:00.000Z,2025-08-29T00:00:00.000Z
254,Ericka,esaltwell71@about.com,432,2025-08-29T00:00:00.000Z,2025-08-29T00:00:00.000Z
255,Aurelie,aoverton72@ustream.tv,284,2025-08-29T00:00:00.000Z,2025-08-29T00:00:00.000Z
256,Eran,ehanselmann73@un.org,383,2025-08-29T00:00:00.000Z,2025-08-29T00:00:00.000Z
257,Frankie,fcunniff74@pbs.org,343,2025-08-29T00:00:00.000Z,2025-08-29T00:00:00.000Z
258,Walther,wvicary75@google.cn,208,2025-08-29T00:00:00.000Z,2025-08-29T00:00:00.000Z
259,Raphaela,rkent76@salon.com,376,2025-08-29T00:00:00.000Z,2025-08-29T00:00:00.000Z
260,Benny,bvonderempten77@army.mil,441,2025-08-29T00:00:00.000Z,2025-08-29T00:00:00.000Z
261,Jacinthe,jgiametti78@opera.com,380,2025-08-29T00:00:00.000Z,2025-08-29T00:00:00.000Z
262,Eben,erasor79@geocities.com,67,2025-08-29T00:00:00.000Z,2025-08-29T00:00:00.000Z
263,Jamaal,jwhorlow7a@abc.net.au,376,2025-08-29T00:00:00.000Z,2025-08-29T00:00:00.000Z
264,Worth,wballchin7b@mediafire.com,102,2025-08-29T00:00:00.000Z,2025-08-29T00:00:00.000Z
265,Orlando,oadlam7c@china.com.cn,441,2025-08-29T00:00:00.000Z,2025-08-29T00:00:00.000Z
266,Ozzy,ofilisov7d@salon.com,288,2025-08-29T00:00:00.000Z,2025-08-29T00:00:00.000Z
267,Arvie,asorbey7e@princeton.edu,375,2025-08-29T00:00:00.000Z,2025-08-29T00:00:00.000Z
268,Teriann,tlawling7f@naver.com,25,2025-08-29T00:00:00.000Z,2025-08-29T00:00:00.000Z
269,Carita,cstorton7g@joomla.org,131,2025-08-29T00:00:00.000Z,2025-08-29T00:00:00.000Z
270,Cameron,clodeke7h@hatena.ne.jp,238,2025-08-29T00:00:00.000Z,2025-08-29T00:00:00.000Z
271,Marleah,mtuberfield7i@gnu.org,375,2025-08-29T00:00:00.000Z,2025-08-29T00:00:00.000Z
272,Devlin,dcuphus7j@un.org,419,2025-08-29T00:00:00.000Z,2025-08-29T00:00:00.000Z
273,Brandy,bkiernan7k@mtv.com,410,2025-08-29T00:00:00.000Z,2025-08-29T00:00:00.000Z
274,Boote,bgemeau7l@nsw.gov.au,453,2025-08-29T00:00:00.000Z,2025-08-29T00:00:00.000Z
275,Andra,alindl7m@vkontakte.ru,276,2025-08-29T00:00:00.000Z,2025-08-29T00:00:00.000Z
276,Thurston,thowland7n@linkedin.com,33,2025-08-29T00:00:00.000Z,2025-08-29T00:00:00.000Z
277,Guinevere,gstichel7o@weather.com,300,2025-08-29T00:00:00.000Z,2025-08-29T00:00:00.000Z
278,Angelo,amingard7p@shareasale.com,100,2025-08-29T00:00:00.000Z,2025-08-29T00:00:00.000Z
279,Geoffrey,grooms7q@google.com.hk,150,2025-08-29T00:00:00.000Z,2025-08-29T00:00:00.000Z
280,Breanne,bfearey7r@dion.ne.jp,125,2025-08-29T00:00:00.000Z,2025-08-29T00:00:00.000Z
281,Essy,emcguffog7s@comcast.net,45,2025-08-29T00:00:00.000Z,2025-08-29T00:00:00.000Z
282,Luce,lseath7t@techcrunch.com,238,2025-08-29T00:00:00.000Z,2025-08-29T00:00:00.000Z
283,Gilli,gmccreadie7u@list-manage.com,209,2025-08-29T00:00:00.000Z,2025-08-29T00:00:00.000Z
284,Rainer,rtaylor7v@columbia.edu,493,2025-08-29T00:00:00.000Z,2025-08-29T00:00:00.000Z
285,Tyne,tglentz7w@ucsd.edu,481,2025-08-29T00:00:00.000Z,2025-08-29T00:00:00.000Z
286,Inge,istopforth7x@cdc.gov,384,2025-08-29T00:00:00.000Z,2025-08-29T00:00:00.000Z
287,Jilleen,jnealand7y@ted.com,260,2025-08-29T00:00:00.000Z,2025-08-29T00:00:00.000Z
288,Renate,rosman7z@163.com,100,2025-08-29T00:00:00.000Z,2025-08-29T00:00:00.000Z
289,Mel,mparffrey80@gmpg.org,268,2025-08-29T00:00:00.000Z,2025-08-29T00:00:00.000Z
290,Sean,smacandreis81@un.org,130,2025-08-29T00:00:00.000Z,2025-08-29T00:00:00.000Z
291,Leeland,lwalcher82@mapy.cz,432,2025-08-29T00:00:00.000Z,2025-08-29T00:00:00.000Z
292,Malanie,mcurrm83@ebay.com,69,2025-08-29T00:00:00.000Z,2025-08-29T00:00:00.000Z
293,Christalle,csogg84@mtv.com,241,2025-08-29T00:00:00.000Z,2025-08-29T00:00:00.000Z
294,Kerianne,kdayne85@miibeian.gov.cn,64,2025-08-29T00:00:00.000Z,2025-08-29T00:00:00.000Z
295,Hatti,hvercruysse86@parallels.com,214,2025-08-29T00:00:00.000Z,2025-08-29T00:00:00.000Z
296,Oswell,obikker87@ed.gov,228,2025-08-29T00:00:00.000Z,2025-08-29T00:00:00.000Z
297,Darwin,dkingsford88@wikispaces.com,91,2025-08-29T00:00:00.000Z,2025-08-29T00:00:00.000Z
298,Sylas,smerrilees89@hp.com,153,2025-08-29T00:00:00.000Z,2025-08-29T00:00:00.000Z
299,Faustine,fweildish8a@yellowpages.com,170,2025-08-29T00:00:00.000Z,2025-08-29T00:00:00.000Z
300,Raynard,rgodmar8b@soundcloud.com,490,2025-08-29T00:00:00.000Z,2025-08-29T00:00:00.000Z
301,Lorne,lbeddoe8c@sitemeter.com,318,2025-08-29T00:00:00.000Z,2025-08-29T00:00:00.000Z
302,Mireille,mdandrea8d@icio.us,97,2025-08-29T00:00:00.000Z,2025-08-29T00:00:00.000Z
303,Arnaldo,afarnhill8e@pbs.org,139,2025-08-29T00:00:00.000Z,2025-08-29T00:00:00.000Z
304,Minnie,mtytterton8f@cbslocal.com,174,2025-08-29T00:00:00.000Z,2025-08-29T00:00:00.000Z
305,Kandace,kgunston8g@hp.com,33,2025-08-29T00:00:00.000Z,2025-08-29T00:00:00.000Z
306,Hermon,hwohlers8h@imgur.com,118,2025-08-29T00:00:00.000Z,2025-08-29T00:00:00.000Z
307,Marchelle,mdericut8i@auda.org.au,336,2025-08-29T00:00:00.000Z,2025-08-29T00:00:00.000Z
308,Maurise,mshout8j@mayoclinic.com,337,2025-08-29T00:00:00.000Z,2025-08-29T00:00:00.000Z
309,Sarge,spietroni8k@ovh.net,128,2025-08-29T00:00:00.000Z,2025-08-29T00:00:00.000Z
310,Garold,gcaghan8l@wordpress.com,406,2025-08-29T00:00:00.000Z,2025-08-29T00:00:00.000Z
311,Auberon,alytle8m@irs.gov,408,2025-08-29T00:00:00.000Z,2025-08-29T00:00:00.000Z
312,Lilian,lcrosby8n@webeden.co.uk,62,2025-08-29T00:00:00.000Z,2025-08-29T00:00:00.000Z
313,Oralee,ocrumley8o@cdc.gov,376,2025-08-29T00:00:00.000Z,2025-08-29T00:00:00.000Z
314,Emlynne,erider8p@ocn.ne.jp,259,2025-08-29T00:00:00.000Z,2025-08-29T00:00:00.000Z
315,Lauryn,lottosen8q@amazonaws.com,97,2025-08-29T00:00:00.000Z,2025-08-29T00:00:00.000Z
316,Brittni,bscrymgeour8r@friendfeed.com,244,2025-08-29T00:00:00.000Z,2025-08-29T00:00:00.000Z
317,Bogey,blongfellow8s@slate.com,108,2025-08-29T00:00:00.000Z,2025-08-29T00:00:00.000Z
318,Elladine,efuzzens8t@printfriendly.com,301,2025-08-29T00:00:00.000Z,2025-08-29T00:00:00.000Z
319,Skye,scoll8u@scribd.com,199,2025-08-29T00:00:00.000Z,2025-08-29T00:00:00.000Z
320,Berkeley,braoux8v@cloudflare.com,392,2025-08-29T00:00:00.000Z,2025-08-29T00:00:00.000Z
321,Loralee,ltrundell8w@pinterest.com,343,2025-08-29T00:00:00.000Z,2025-08-29T00:00:00.000Z
322,Fan,fkopke8x@csmonitor.com,439,2025-08-29T00:00:00.000Z,2025-08-29T00:00:00.000Z
323,Thorin,tsurmanwells8y@is.gd,68,2025-08-29T00:00:00.000Z,2025-08-29T00:00:00.000Z
324,Vic,vkaszper8z@symantec.com,480,2025-08-29T00:00:00.000Z,2025-08-29T00:00:00.000Z
325,Agneta,aallibone90@storify.com,184,2025-08-29T00:00:00.000Z,2025-08-29T00:00:00.000Z
326,Freeman,ffrangello91@gov.uk,31,2025-08-29T00:00:00.000Z,2025-08-29T00:00:00.000Z
327,Shannah,sseamans92@tinypic.com,369,2025-08-29T00:00:00.000Z,2025-08-29T00:00:00.000Z
328,Emory,eduiged93@cbsnews.com,58,2025-08-29T00:00:00.000Z,2025-08-29T00:00:00.000Z
329,Shandy,sduley94@narod.ru,178,2025-08-29T00:00:00.000Z,2025-08-29T00:00:00.000Z
330,Brita,bthyng95@istockphoto.com,481,2025-08-29T00:00:00.000Z,2025-08-29T00:00:00.000Z
331,Burnard,bkoop96@reuters.com,317,2025-08-29T00:00:00.000Z,2025-08-29T00:00:00.000Z
332,Britteny,bbiaggioli97@prnewswire.com,335,2025-08-29T00:00:00.000Z,2025-08-29T00:00:00.000Z
333,Anita,aedgeller98@engadget.com,109,2025-08-29T00:00:00.000Z,2025-08-29T00:00:00.000Z
334,Emalia,edowney99@sun.com,374,2025-08-29T00:00:00.000Z,2025-08-29T00:00:00.000Z
335,Olympe,oondrich9a@netvibes.com,65,2025-08-29T00:00:00.000Z,2025-08-29T00:00:00.000Z
336,Claude,cfeldberg9b@loc.gov,393,2025-08-29T00:00:00.000Z,2025-08-29T00:00:00.000Z
337,Geoffrey,gramalho9c@un.org,499,2025-08-29T00:00:00.000Z,2025-08-29T00:00:00.000Z
338,Cornie,creglar9d@1688.com,190,2025-08-29T00:00:00.000Z,2025-08-29T00:00:00.000Z
339,Geno,gmcramsey9e@ocn.ne.jp,153,2025-08-29T00:00:00.000Z,2025-08-29T00:00:00.000Z
340,Randy,rsonley9f@tmall.com,370,2025-08-29T00:00:00.000Z,2025-08-29T00:00:00.000Z
341,Lynnelle,lyuryichev9g@nps.gov,82,2025-08-29T00:00:00.000Z,2025-08-29T00:00:00.000Z
342,Helene,hexall9h@fda.gov,110,2025-08-29T00:00:00.000Z,2025-08-29T00:00:00.000Z
343,Demetris,dbrash9i@dailymotion.com,237,2025-08-29T00:00:00.000Z,2025-08-29T00:00:00.000Z
344,Deloria,dmccrystal9j@bloomberg.com,57,2025-08-29T00:00:00.000Z,2025-08-29T00:00:00.000Z
345,Rachel,rloft9k@cbslocal.com,168,2025-08-29T00:00:00.000Z,2025-08-29T00:00:00.000Z
346,Sheryl,scocking9l@oaic.gov.au,316,2025-08-29T00:00:00.000Z,2025-08-29T00:00:00.000Z
347,Dolly,ddunne9m@a8.net,353,2025-08-29T00:00:00.000Z,2025-08-29T00:00:00.000Z
348,Guilbert,gdavidovici9n@gizmodo.com,309,2025-08-29T00:00:00.000Z,2025-08-29T00:00:00.000Z
349,Malinde,mbrusle9o@netlog.com,237,2025-08-29T00:00:00.000Z,2025-08-29T00:00:00.000Z
350,Martainn,mlangcaster9p@icio.us,163,2025-08-29T00:00:00.000Z,2025-08-29T00:00:00.000Z
351,Durward,dgallaccio9q@fema.gov,188,2025-08-29T00:00:00.000Z,2025-08-29T00:00:00.000Z
352,Orelee,oduchart9r@bbb.org,64,2025-08-29T00:00:00.000Z,2025-08-29T00:00:00.000Z
353,Ronica,rrabbage9s@fema.gov,100,2025-08-29T00:00:00.000Z,2025-08-29T00:00:00.000Z
354,Winona,wantoniottii9t@spotify.com,373,2025-08-29T00:00:00.000Z,2025-08-29T00:00:00.000Z
355,Noe,nhenricsson9u@gov.uk,32,2025-08-29T00:00:00.000Z,2025-08-29T00:00:00.000Z
356,Christoffer,ctregian9v@businessinsider.com,447,2025-08-29T00:00:00.000Z,2025-08-29T00:00:00.000Z
357,Krystal,kloughren9w@reuters.com,147,2025-08-29T00:00:00.000Z,2025-08-29T00:00:00.000Z
358,Winfred,wdrewitt9x@nature.com,356,2025-08-29T00:00:00.000Z,2025-08-29T00:00:00.000Z
359,Elfreda,ecroizier9y@wired.com,494,2025-08-29T00:00:00.000Z,2025-08-29T00:00:00.000Z
360,Felipe,ffilochov9z@etsy.com,435,2025-08-29T00:00:00.000Z,2025-08-29T00:00:00.000Z
361,Ardella,aolenina0@newsvine.com,409,2025-08-29T00:00:00.000Z,2025-08-29T00:00:00.000Z
362,Allene,ahorchea1@hugedomains.com,150,2025-08-29T00:00:00.000Z,2025-08-29T00:00:00.000Z
363,Cathyleen,cbollina2@npr.org,304,2025-08-29T00:00:00.000Z,2025-08-29T00:00:00.000Z
364,Saraann,swoodalla3@instagram.com,92,2025-08-29T00:00:00.000Z,2025-08-29T00:00:00.000Z
365,Nicholle,nmantza4@rambler.ru,258,2025-08-29T00:00:00.000Z,2025-08-29T00:00:00.000Z
366,Bryon,bbreretona5@diigo.com,337,2025-08-29T00:00:00.000Z,2025-08-29T00:00:00.000Z
367,Steffane,swrencha6@about.com,408,2025-08-29T00:00:00.000Z,2025-08-29T00:00:00.000Z
368,Myrta,mtolworthya7@japanpost.jp,102,2025-08-29T00:00:00.000Z,2025-08-29T00:00:00.000Z
369,Reginauld,rmorettoa8@shareasale.com,225,2025-08-29T00:00:00.000Z,2025-08-29T00:00:00.000Z
370,Devon,dviviana9@so-net.ne.jp,142,2025-08-29T00:00:00.000Z,2025-08-29T00:00:00.000Z
371,Joanna,jalpaa@disqus.com,345,2025-08-29T00:00:00.000Z,2025-08-29T00:00:00.000Z
372,Freddie,fburgisab@clickbank.net,391,2025-08-29T00:00:00.000Z,2025-08-29T00:00:00.000Z
373,Stesha,sbecerraac@narod.ru,127,2025-08-29T00:00:00.000Z,2025-08-29T00:00:00.000Z
374,Beauregard,bsantosad@ow.ly,326,2025-08-29T00:00:00.000Z,2025-08-29T00:00:00.000Z
375,Billie,bdegnenae@4shared.com,277,2025-08-29T00:00:00.000Z,2025-08-29T00:00:00.000Z
376,Pietrek,pcootaf@japanpost.jp,383,2025-08-29T00:00:00.000Z,2025-08-29T00:00:00.000Z
377,Ki,kfernandoag@youtu.be,132,2025-08-29T00:00:00.000Z,2025-08-29T00:00:00.000Z
378,Gerard,gochiltreeah@amazon.de,320,2025-08-29T00:00:00.000Z,2025-08-29T00:00:00.000Z
379,Bud,bfraniesai@tinypic.com,162,2025-08-29T00:00:00.000Z,2025-08-29T00:00:00.000Z
380,Kenon,kwrightimaj@friendfeed.com,239,2025-08-29T00:00:00.000Z,2025-08-29T00:00:00.000Z
381,Mahala,mwapleak@prweb.com,241,2025-08-29T00:00:00.000Z,2025-08-29T00:00:00.000Z
382,Winn,wpablosal@freewebs.com,424,2025-08-29T00:00:00.000Z,2025-08-29T00:00:00.000Z
383,Dolorita,dgidneyam@163.com,80,2025-08-29T00:00:00.000Z,2025-08-29T00:00:00.000Z
384,Johnnie,jdomanekan@va.gov,387,2025-08-29T00:00:00.000Z,2025-08-29T00:00:00.000Z
385,Derick,dfirbanksao@engadget.com,212,2025-08-29T00:00:00.000Z,2025-08-29T00:00:00.000Z
386,Calv,cthomasonap@cnn.com,197,2025-08-29T00:00:00.000Z,2025-08-29T00:00:00.000Z
387,Blane,bmacneilageaq@walmart.com,162,2025-08-29T00:00:00.000Z,2025-08-29T00:00:00.000Z
388,Birgitta,bbroadistar@yelp.com,165,2025-08-29T00:00:00.000Z,2025-08-29T00:00:00.000Z
389,Bartolemo,bcancelloras@usgs.gov,452,2025-08-29T00:00:00.000Z,2025-08-29T00:00:00.000Z
390,Guthrey,gwilprechtat@dyndns.org,224,2025-08-29T00:00:00.000Z,2025-08-29T00:00:00.000Z
391,Adelice,agorlingau@alibaba.com,229,2025-08-29T00:00:00.000Z,2025-08-29T00:00:00.000Z
392,Weider,wbazocheav@vk.com,417,2025-08-29T00:00:00.000Z,2025-08-29T00:00:00.000Z
393,Mindy,mshepherdaw@de.vu,193,2025-08-29T00:00:00.000Z,2025-08-29T00:00:00.000Z
394,Karita,kclaybourneax@bluehost.com,446,2025-08-29T00:00:00.000Z,2025-08-29T00:00:00.000Z
395,Bobinette,batwellay@t-online.de,129,2025-08-29T00:00:00.000Z,2025-08-29T00:00:00.000Z
396,Benson,bcleifeaz@yahoo.co.jp,84,2025-08-29T00:00:00.000Z,2025-08-29T00:00:00.000Z
397,Sena,srickwoodb0@tripadvisor.com,440,2025-08-29T00:00:00.000Z,2025-08-29T00:00:00.000Z
398,Law,ldewittb1@artisteer.com,330,2025-08-29T00:00:00.000Z,2025-08-29T00:00:00.000Z
399,Batsheva,bhamblenb2@timesonline.co.uk,333,2025-08-29T00:00:00.000Z,2025-08-29T00:00:00.000Z
400,Renae,rboyceb3@alexa.com,152,2025-08-29T00:00:00.000Z,2025-08-29T00:00:00.000Z
401,Marline,mseeb4@ihg.com,73,2025-08-29T00:00:00.000Z,2025-08-29T00:00:00.000Z
402,Isaak,iwhorallb5@joomla.org,332,2025-08-29T00:00:00.000Z,2025-08-29T00:00:00.000Z
403,Matthus,mmeiklejohnb6@skyrock.com,181,2025-08-29T00:00:00.000Z,2025-08-29T00:00:00.000Z
404,Kass,klarkbyb7@lycos.com,89,2025-08-29T00:00:00.000Z,2025-08-29T00:00:00.000Z
405,Georgianna,gdelacourb8@google.it,429,2025-08-29T00:00:00.000Z,2025-08-29T00:00:00.000Z
406,Udell,uskeffingtonb9@123-reg.co.uk,466,2025-08-29T00:00:00.000Z,2025-08-29T00:00:00.000Z
407,Marline,mnorthageba@dropbox.com,433,2025-08-29T00:00:00.000Z,2025-08-29T00:00:00.000Z
408,Udall,uclementebb@baidu.com,127,2025-08-29T00:00:00.000Z,2025-08-29T00:00:00.000Z
409,Miguela,msevillebc@zimbio.com,94,2025-08-29T00:00:00.000Z,2025-08-29T00:00:00.000Z
410,Delphine,dalgiebd@behance.net,266,2025-08-29T00:00:00.000Z,2025-08-29T00:00:00.000Z
411,Lorraine,lfallawebe@sun.com,230,2025-08-29T00:00:00.000Z,2025-08-29T00:00:00.000Z
412,Gerik,gfryebf@fastcompany.com,387,2025-08-29T00:00:00.000Z,2025-08-29T00:00:00.000Z
413,Audrie,agearingbg@theglobeandmail.com,171,2025-08-29T00:00:00.000Z,2025-08-29T00:00:00.000Z
414,Elladine,ebownessbh@furl.net,267,2025-08-29T00:00:00.000Z,2025-08-29T00:00:00.000Z
415,Sergent,skubikbi@kickstarter.com,489,2025-08-29T00:00:00.000Z,2025-08-29T00:00:00.000Z
416,Barnett,bcobbinbj@gmpg.org,415,2025-08-29T00:00:00.000Z,2025-08-29T00:00:00.000Z
417,Olivero,otorrijosbk@moonfruit.com,152,2025-08-29T00:00:00.000Z,2025-08-29T00:00:00.000Z
418,Son,sbodleighbl@ox.ac.uk,361,2025-08-29T00:00:00.000Z,2025-08-29T00:00:00.000Z
419,Mabelle,minnerstonebm@google.es,354,2025-08-29T00:00:00.000Z,2025-08-29T00:00:00.000Z
420,Berri,bfilshinbn@amazon.com,275,2025-08-29T00:00:00.000Z,2025-08-29T00:00:00.000Z
421,Tessi,tverteybo@ebay.co.uk,474,2025-08-29T00:00:00.000Z,2025-08-29T00:00:00.000Z
422,Breena,bmcilennabp@kickstarter.com,431,2025-08-29T00:00:00.000Z,2025-08-29T00:00:00.000Z
423,Ambrosio,adamerellbq@comcast.net,469,2025-08-29T00:00:00.000Z,2025-08-29T00:00:00.000Z
424,Nelia,nmulheronbr@gmpg.org,308,2025-08-29T00:00:00.000Z,2025-08-29T00:00:00.000Z
425,Kermit,kswindlehurstbs@cloudflare.com,477,2025-08-29T00:00:00.000Z,2025-08-29T00:00:00.000Z
426,Carlin,cweiserbt@plala.or.jp,298,2025-08-29T00:00:00.000Z,2025-08-29T00:00:00.000Z
427,Dore,dspeirbu@printfriendly.com,157,2025-08-29T00:00:00.000Z,2025-08-29T00:00:00.000Z
428,Alyce,abygottbv@usda.gov,111,2025-08-29T00:00:00.000Z,2025-08-29T00:00:00.000Z
429,Jake,jkinnachbw@comsenz.com,410,2025-08-29T00:00:00.000Z,2025-08-29T00:00:00.000Z
430,Leodora,lashbybx@washingtonpost.com,426,2025-08-29T00:00:00.000Z,2025-08-29T00:00:00.000Z
431,Lorelle,ldacreby@live.com,187,2025-08-29T00:00:00.000Z,2025-08-29T00:00:00.000Z
432,Flossi,fboltwoodbz@accuweather.com,182,2025-08-29T00:00:00.000Z,2025-08-29T00:00:00.000Z
433,Cob,cthoulessc0@shinystat.com,393,2025-08-29T00:00:00.000Z,2025-08-29T00:00:00.000Z
434,Ingaborg,iredlerc1@hexun.com,116,2025-08-29T00:00:00.000Z,2025-08-29T00:00:00.000Z
435,Gunilla,gryottc2@gov.uk,217,2025-08-29T00:00:00.000Z,2025-08-29T00:00:00.000Z
436,Wanids,wswallowc3@sakura.ne.jp,364,2025-08-29T00:00:00.000Z,2025-08-29T00:00:00.000Z
437,Kiley,kprincec4@shop-pro.jp,240,2025-08-29T00:00:00.000Z,2025-08-29T00:00:00.000Z
438,Adamo,abearc5@deliciousdays.com,365,2025-08-29T00:00:00.000Z,2025-08-29T00:00:00.000Z
439,Judy,jastmanc6@woothemes.com,263,2025-08-29T00:00:00.000Z,2025-08-29T00:00:00.000Z
440,Freddy,frandalsonc7@wunderground.com,324,2025-08-29T00:00:00.000Z,2025-08-29T00:00:00.000Z
441,Kiley,kcamamilec8@netvibes.com,487,2025-08-29T00:00:00.000Z,2025-08-29T00:00:00.000Z
442,Delora,dhaukeyc9@4shared.com,87,2025-08-29T00:00:00.000Z,2025-08-29T00:00:00.000Z
443,Mandie,msebringca@japanpost.jp,353,2025-08-29T00:00:00.000Z,2025-08-29T00:00:00.000Z
444,Jake,josmantcb@ftc.gov,323,2025-08-29T00:00:00.000Z,2025-08-29T00:00:00.000Z
445,Goraud,groopercc@smh.com.au,309,2025-08-29T00:00:00.000Z,2025-08-29T00:00:00.000Z
446,Tara,tkernockcd@networksolutions.com,98,2025-08-29T00:00:00.000Z,2025-08-29T00:00:00.000Z
447,Israel,itolhurstce@yahoo.com,211,2025-08-29T00:00:00.000Z,2025-08-29T00:00:00.000Z
448,Sharl,ssancroftcf@usgs.gov,183,2025-08-29T00:00:00.000Z,2025-08-29T00:00:00.000Z
449,Monro,mmiguelcg@wiley.com,361,2025-08-29T00:00:00.000Z,2025-08-29T00:00:00.000Z
450,Dane,dbiggerdikech@imdb.com,284,2025-08-29T00:00:00.000Z,2025-08-29T00:00:00.000Z
451,Myrah,mekeci@nhs.uk,37,2025-08-29T00:00:00.000Z,2025-08-29T00:00:00.000Z
452,Dacey,drosenstockcj@canalblog.com,220,2025-08-29T00:00:00.000Z,2025-08-29T00:00:00.000Z
453,Klement,kiacovoneck@europa.eu,421,2025-08-29T00:00:00.000Z,2025-08-29T00:00:00.000Z
454,Alexandr,athorneleycl@cornell.edu,304,2025-08-29T00:00:00.000Z,2025-08-29T00:00:00.000Z
455,Mort,mcesconicm@myspace.com,314,2025-08-29T00:00:00.000Z,2025-08-29T00:00:00.000Z
456,Job,jkamienskicn@icio.us,274,2025-08-29T00:00:00.000Z,2025-08-29T00:00:00.000Z
457,Mateo,mentwistleco@sogou.com,363,2025-08-29T00:00:00.000Z,2025-08-29T00:00:00.000Z
458,Melinda,mbriddockcp@bbb.org,88,2025-08-29T00:00:00.000Z,2025-08-29T00:00:00.000Z
459,Saxon,sstridecq@auda.org.au,402,2025-08-29T00:00:00.000Z,2025-08-29T00:00:00.000Z
460,Lissy,ltrevaskisscr@phoca.cz,209,2025-08-29T00:00:00.000Z,2025-08-29T00:00:00.000Z
461,Ezmeralda,eelmescs@flickr.com,439,2025-08-29T00:00:00.000Z,2025-08-29T00:00:00.000Z
462,Korney,ksewallct@slate.com,481,2025-08-29T00:00:00.000Z,2025-08-29T00:00:00.000Z
463,Anna,awhoolehancu@yellowpages.com,251,2025-08-29T00:00:00.000Z,2025-08-29T00:00:00.000Z
464,Celle,chunnaballcv@surveymonkey.com,257,2025-08-29T00:00:00.000Z,2025-08-29T00:00:00.000Z
465,Norina,ngippcw@webnode.com,216,2025-08-29T00:00:00.000Z,2025-08-29T00:00:00.000Z
466,Travers,tlowmasscx@ovh.net,339,2025-08-29T00:00:00.000Z,2025-08-29T00:00:00.000Z
467,Laina,lvarfolomeevcy@sohu.com,358,2025-08-29T00:00:00.000Z,2025-08-29T00:00:00.000Z
468,Verine,vmakencz@t.co,142,2025-08-29T00:00:00.000Z,2025-08-29T00:00:00.000Z
469,Rhetta,rlambshined0@sina.com.cn,233,2025-08-29T00:00:00.000Z,2025-08-29T00:00:00.000Z
470,Carol-jean,cwindeattd1@intel.com,256,2025-08-29T00:00:00.000Z,2025-08-29T00:00:00.000Z
471,Augie,aoliveyd2@nydailynews.com,461,2025-08-29T00:00:00.000Z,2025-08-29T00:00:00.000Z
472,Tymothy,tnorthd3@ed.gov,278,2025-08-29T00:00:00.000Z,2025-08-29T00:00:00.000Z
473,Arni,athurstanced4@linkedin.com,106,2025-08-29T00:00:00.000Z,2025-08-29T00:00:00.000Z
474,Lorrayne,lgrimsleyd5@scribd.com,214,2025-08-29T00:00:00.000Z,2025-08-29T00:00:00.000Z
475,Claudian,cjohnd6@e-recht24.de,153,2025-08-29T00:00:00.000Z,2025-08-29T00:00:00.000Z
476,Dee,dkidnerd7@people.com.cn,47,2025-08-29T00:00:00.000Z,2025-08-29T00:00:00.000Z
477,Carson,csellekd8@lulu.com,166,2025-08-29T00:00:00.000Z,2025-08-29T00:00:00.000Z
478,Pauly,pwitchelld9@upenn.edu,252,2025-08-29T00:00:00.000Z,2025-08-29T00:00:00.000Z
479,Siusan,ssidawayda@hostgator.com,425,2025-08-29T00:00:00.000Z,2025-08-29T00:00:00.000Z
480,Lise,lheenandb@huffingtonpost.com,315,2025-08-29T00:00:00.000Z,2025-08-29T00:00:00.000Z
481,Winni,wsharpleydc@apache.org,138,2025-08-29T00:00:00.000Z,2025-08-29T00:00:00.000Z
482,Starlin,syosifovdd@baidu.com,42,2025-08-29T00:00:00.000Z,2025-08-29T00:00:00.000Z
483,Ingemar,ievequede@java.com,28,2025-08-29T00:00:00.000Z,2025-08-29T00:00:00.000Z
484,Ema,ecoleyshawdf@instagram.com,404,2025-08-29T00:00:00.000Z,2025-08-29T00:00:00.000Z
485,Woodie,wosullivandg@mayoclinic.com,213,2025-08-29T00:00:00.000Z,2025-08-29T00:00:00.000Z
486,Janos,jdaniellodh@flavors.me,184,2025-08-29T00:00:00.000Z,2025-08-29T00:00:00.000Z
487,Florina,fegentandi@sina.com.cn,264,2025-08-29T00:00:00.000Z,2025-08-29T00:00:00.000Z
488,Slade,stestindj@goo.ne.jp,327,2025-08-29T00:00:00.000Z,2025-08-29T00:00:00.000Z
489,Payton,ptippingdk@washington.edu,289,2025-08-29T00:00:00.000Z,2025-08-29T00:00:00.000Z
490,Wittie,wdaughtondl@smh.com.au,357,2025-08-29T00:00:00.000Z,2025-08-29T00:00:00.000Z
491,Dreddy,dfieldersdm@latimes.com,341,2025-08-29T00:00:00.000Z,2025-08-29T00:00:00.000Z
492,Garrard,gthemldn@discuz.net,377,2025-08-29T00:00:00.000Z,2025-08-29T00:00:00.000Z
493,Hildagard,hbrumbiedo@nytimes.com,115,2025-08-29T00:00:00.000Z,2025-08-29T00:00:00.000Z
494,Brandea,bclynterdp@fc2.com,179,2025-08-29T00:00:00.000Z,2025-08-29T00:00:00.000Z
495,Jamey,jdovermanndq@livejournal.com,339,2025-08-29T00:00:00.000Z,2025-08-29T00:00:00.000Z
496,Alain,ablacklerdr@marriott.com,187,2025-08-29T00:00:00.000Z,2025-08-29T00:00:00.000Z
497,Erhart,ecarringtonds@state.tx.us,56,2025-08-29T00:00:00.000Z,2025-08-29T00:00:00.000Z
498,Merv,manthamdt@ftc.gov,389,2025-08-29T00:00:00.000Z,2025-08-29T00:00:00.000Z
499,Mabelle,mbrunnendu@dion.ne.jp,498,2025-08-29T00:00:00.000Z,2025-08-29T00:00:00.000Z
500,Ede,emcniffdv@oakley.com,477,2025-08-29T00:00:00.000Z,2025-08-29T00:00:00.000Z
501,Ursala,upetowdw@disqus.com,261,2025-08-29T00:00:00.000Z,2025-08-29T00:00:00.000Z
502,Wolf,wmarconidx@lulu.com,354,2025-08-29T00:00:00.000Z,2025-08-29T00:00:00.000Z
503,Sybila,snowakowskidy@hexun.com,308,2025-08-29T00:00:00.000Z,2025-08-29T00:00:00.000Z
504,Sylas,sklemmtdz@redcross.org,256,2025-08-29T00:00:00.000Z,2025-08-29T00:00:00.000Z
505,Marylee,mgarmanse0@patch.com,415,2025-08-29T00:00:00.000Z,2025-08-29T00:00:00.000Z
506,Cortney,csouthgatee1@ucla.edu,302,2025-08-29T00:00:00.000Z,2025-08-29T00:00:00.000Z
507,Orland,oskerratte2@sfgate.com,498,2025-08-29T00:00:00.000Z,2025-08-29T00:00:00.000Z
508,Brandy,bruste3@who.int,260,2025-08-29T00:00:00.000Z,2025-08-29T00:00:00.000Z
509,Tanitansy,tminihane4@google.com,193,2025-08-29T00:00:00.000Z,2025-08-29T00:00:00.000Z
510,Jory,jcarsee5@disqus.com,32,2025-08-29T00:00:00.000Z,2025-08-29T00:00:00.000Z
511,Paula,pmatuszake6@wired.com,297,2025-08-29T00:00:00.000Z,2025-08-29T00:00:00.000Z
512,Tabbie,tmulrane7@yelp.com,371,2025-08-29T00:00:00.000Z,2025-08-29T00:00:00.000Z
513,Marji,mistede8@vkontakte.ru,172,2025-08-29T00:00:00.000Z,2025-08-29T00:00:00.000Z
514,Chrystel,cluckse9@nsw.gov.au,469,2025-08-29T00:00:00.000Z,2025-08-29T00:00:00.000Z
515,Rosaline,rraceea@360.cn,95,2025-08-29T00:00:00.000Z,2025-08-29T00:00:00.000Z
516,Hakim,hsherwilleb@archive.org,236,2025-08-29T00:00:00.000Z,2025-08-29T00:00:00.000Z
517,Phaedra,plangcasterec@drupal.org,42,2025-08-29T00:00:00.000Z,2025-08-29T00:00:00.000Z
518,Gregg,ggandered@csmonitor.com,420,2025-08-29T00:00:00.000Z,2025-08-29T00:00:00.000Z
519,Rebekkah,ralderwickee@google.ca,282,2025-08-29T00:00:00.000Z,2025-08-29T00:00:00.000Z
520,Maddy,mcamachoef@umn.edu,58,2025-08-29T00:00:00.000Z,2025-08-29T00:00:00.000Z
521,Pattie,pjamaryeg@over-blog.com,135,2025-08-29T00:00:00.000Z,2025-08-29T00:00:00.000Z
522,Thom,tattrideeh@usda.gov,77,2025-08-29T00:00:00.000Z,2025-08-29T00:00:00.000Z
523,Coleen,cleeteei@rediff.com,182,2025-08-29T00:00:00.000Z,2025-08-29T00:00:00.000Z
524,Isabella,ianstieej@1und1.de,112,2025-08-29T00:00:00.000Z,2025-08-29T00:00:00.000Z
525,Ricoriki,rphilcottek@theglobeandmail.com,155,2025-08-29T00:00:00.000Z,2025-08-29T00:00:00.000Z
526,Odilia,olacaseel@noaa.gov,79,2025-08-29T00:00:00.000Z,2025-08-29T00:00:00.000Z
527,Denis,dbickerstasseem@de.vu,167,2025-08-29T00:00:00.000Z,2025-08-29T00:00:00.000Z
528,Thomasa,tlumben@twitter.com,169,2025-08-29T00:00:00.000Z,2025-08-29T00:00:00.000Z
529,Vilhelmina,vrodmaneo@angelfire.com,169,2025-08-29T00:00:00.000Z,2025-08-29T00:00:00.000Z
530,Rora,rwinslettep@yahoo.co.jp,147,2025-08-29T00:00:00.000Z,2025-08-29T00:00:00.000Z
531,Winnie,wrobbeeq@e-recht24.de,395,2025-08-29T00:00:00.000Z,2025-08-29T00:00:00.000Z
532,Nalani,nmassoter@ocn.ne.jp,421,2025-08-29T00:00:00.000Z,2025-08-29T00:00:00.000Z
533,Laverne,lmatzkaitises@unicef.org,354,2025-08-29T00:00:00.000Z,2025-08-29T00:00:00.000Z
534,Leda,lascroftet@pagesperso-orange.fr,488,2025-08-29T00:00:00.000Z,2025-08-29T00:00:00.000Z
535,Sonny,sdrummondeu@constantcontact.com,300,2025-08-29T00:00:00.000Z,2025-08-29T00:00:00.000Z
536,Herby,hwornhamev@yahoo.co.jp,188,2025-08-29T00:00:00.000Z,2025-08-29T00:00:00.000Z
537,Katerine,kdrezzerew@nhs.uk,111,2025-08-29T00:00:00.000Z,2025-08-29T00:00:00.000Z
538,Priscilla,phaycockex@barnesandnoble.com,433,2025-08-29T00:00:00.000Z,2025-08-29T00:00:00.000Z
539,Cornela,cbellwoodey@angelfire.com,438,2025-08-29T00:00:00.000Z,2025-08-29T00:00:00.000Z
540,Cart,cfleisez@fc2.com,268,2025-08-29T00:00:00.000Z,2025-08-29T00:00:00.000Z
541,Brigg,bsinclairf0@joomla.org,348,2025-08-29T00:00:00.000Z,2025-08-29T00:00:00.000Z
542,Faustine,fcorkellf1@nbcnews.com,213,2025-08-29T00:00:00.000Z,2025-08-29T00:00:00.000Z
543,Archibaldo,agianettinif2@dagondesign.com,277,2025-08-29T00:00:00.000Z,2025-08-29T00:00:00.000Z
544,Chase,cgradleyf3@examiner.com,181,2025-08-29T00:00:00.000Z,2025-08-29T00:00:00.000Z
545,Cullin,cvineyf4@jalbum.net,112,2025-08-29T00:00:00.000Z,2025-08-29T00:00:00.000Z
546,Albertina,ashirtcliffef5@github.com,158,2025-08-29T00:00:00.000Z,2025-08-29T00:00:00.000Z
547,Netti,nstowtef6@engadget.com,408,2025-08-29T00:00:00.000Z,2025-08-29T00:00:00.000Z
548,Brittney,bscotchfordf7@cisco.com,385,2025-08-29T00:00:00.000Z,2025-08-29T00:00:00.000Z
549,Darby,dsummerrellf8@tumblr.com,380,2025-08-29T00:00:00.000Z,2025-08-29T00:00:00.000Z
550,Roxane,rgrishinf9@nyu.edu,264,2025-08-29T00:00:00.000Z,2025-08-29T00:00:00.000Z
551,Shamus,sigonetfa@shinystat.com,365,2025-08-29T00:00:00.000Z,2025-08-29T00:00:00.000Z
552,Barnabas,blecornufb@xrea.com,306,2025-08-29T00:00:00.000Z,2025-08-29T00:00:00.000Z
553,Silvia,sdrinkallfc@tumblr.com,192,2025-08-29T00:00:00.000Z,2025-08-29T00:00:00.000Z
554,Blake,bscasefd@angelfire.com,258,2025-08-29T00:00:00.000Z,2025-08-29T00:00:00.000Z
555,Rhetta,rlodinfe@mtv.com,167,2025-08-29T00:00:00.000Z,2025-08-29T00:00:00.000Z
556,Rebbecca,rgarleyff@miibeian.gov.cn,36,2025-08-29T00:00:00.000Z,2025-08-29T00:00:00.000Z
557,Thaine,tdrakefg@cloudflare.com,168,2025-08-29T00:00:00.000Z,2025-08-29T00:00:00.000Z
558,Cristabel,cstiegarsfh@opera.com,289,2025-08-29T00:00:00.000Z,2025-08-29T00:00:00.000Z
559,Hardy,hnialsfi@boston.com,194,2025-08-29T00:00:00.000Z,2025-08-29T00:00:00.000Z
560,Tiphany,tbullentfj@reuters.com,31,2025-08-29T00:00:00.000Z,2025-08-29T00:00:00.000Z
561,Don,dwilesfk@slashdot.org,324,2025-08-29T00:00:00.000Z,2025-08-29T00:00:00.000Z
562,Kaitlyn,kbassettfl@newsvine.com,496,2025-08-29T00:00:00.000Z,2025-08-29T00:00:00.000Z
563,Fallon,fbawmefm@goo.ne.jp,286,2025-08-29T00:00:00.000Z,2025-08-29T00:00:00.000Z
564,Gabey,glarmuthfn@storify.com,229,2025-08-29T00:00:00.000Z,2025-08-29T00:00:00.000Z
565,Janos,jmaldenfo@google.com.hk,87,2025-08-29T00:00:00.000Z,2025-08-29T00:00:00.000Z
566,Jonah,jgothlifffp@jiathis.com,181,2025-08-29T00:00:00.000Z,2025-08-29T00:00:00.000Z
567,Anthe,alandrieufq@google.fr,28,2025-08-29T00:00:00.000Z,2025-08-29T00:00:00.000Z
568,Penn,pcorkhillfr@hubpages.com,253,2025-08-29T00:00:00.000Z,2025-08-29T00:00:00.000Z
569,Gilda,gwreathfs@alexa.com,499,2025-08-29T00:00:00.000Z,2025-08-29T00:00:00.000Z
570,Alister,agallerft@barnesandnoble.com,169,2025-08-29T00:00:00.000Z,2025-08-29T00:00:00.000Z
571,Mayne,mcrookesfu@home.pl,367,2025-08-29T00:00:00.000Z,2025-08-29T00:00:00.000Z
572,Shalne,soffellfv@cbc.ca,494,2025-08-29T00:00:00.000Z,2025-08-29T00:00:00.000Z
573,Thibaud,tburgisfw@instagram.com,368,2025-08-29T00:00:00.000Z,2025-08-29T00:00:00.000Z
574,Bernie,bwhibleyfx@mapquest.com,91,2025-08-29T00:00:00.000Z,2025-08-29T00:00:00.000Z
575,Inge,ijulyanfy@xinhuanet.com,408,2025-08-29T00:00:00.000Z,2025-08-29T00:00:00.000Z
576,Alexi,ahardwichfz@zimbio.com,62,2025-08-29T00:00:00.000Z,2025-08-29T00:00:00.000Z
577,Gillian,givonsg0@bluehost.com,451,2025-08-29T00:00:00.000Z,2025-08-29T00:00:00.000Z
578,Dolley,dprangnellg1@telegraph.co.uk,274,2025-08-29T00:00:00.000Z,2025-08-29T00:00:00.000Z
579,Jameson,jcarrelg2@arstechnica.com,232,2025-08-29T00:00:00.000Z,2025-08-29T00:00:00.000Z
580,Cammy,ctraytong3@t-online.de,177,2025-08-29T00:00:00.000Z,2025-08-29T00:00:00.000Z
581,Gerta,gmatzeitisg4@youtube.com,324,2025-08-29T00:00:00.000Z,2025-08-29T00:00:00.000Z
582,Rachelle,rrobinsong5@dagondesign.com,146,2025-08-29T00:00:00.000Z,2025-08-29T00:00:00.000Z
583,Andris,apaunsfordg6@unblog.fr,384,2025-08-29T00:00:00.000Z,2025-08-29T00:00:00.000Z
584,Damara,dwerritg7@jugem.jp,388,2025-08-29T00:00:00.000Z,2025-08-29T00:00:00.000Z
585,Jule,jmantioneg8@altervista.org,432,2025-08-29T00:00:00.000Z,2025-08-29T00:00:00.000Z
586,Symon,ssaylesg9@uiuc.edu,235,2025-08-29T00:00:00.000Z,2025-08-29T00:00:00.000Z
587,Thomasina,tdinglega@altervista.org,394,2025-08-29T00:00:00.000Z,2025-08-29T00:00:00.000Z
588,Marnie,morisgb@flavors.me,231,2025-08-29T00:00:00.000Z,2025-08-29T00:00:00.000Z
589,Lou,lbellinghamgc@pcworld.com,351,2025-08-29T00:00:00.000Z,2025-08-29T00:00:00.000Z
590,Averil,awaringd@nasa.gov,239,2025-08-29T00:00:00.000Z,2025-08-29T00:00:00.000Z
591,Nevile,npadulage@quantcast.com,298,2025-08-29T00:00:00.000Z,2025-08-29T00:00:00.000Z
592,Sanderson,spunchgf@xrea.com,76,2025-08-29T00:00:00.000Z,2025-08-29T00:00:00.000Z
593,Noelani,nmingogg@123-reg.co.uk,121,2025-08-29T00:00:00.000Z,2025-08-29T00:00:00.000Z
594,Kiel,kgiveengh@hp.com,69,2025-08-29T00:00:00.000Z,2025-08-29T00:00:00.000Z
595,Constantina,clabrogi@indiatimes.com,227,2025-08-29T00:00:00.000Z,2025-08-29T00:00:00.000Z
596,Derry,dtilsleygj@acquirethisname.com,407,2025-08-29T00:00:00.000Z,2025-08-29T00:00:00.000Z
597,Kakalina,kbarkusgk@etsy.com,216,2025-08-29T00:00:00.000Z,2025-08-29T00:00:00.000Z
598,Leona,lsholemgl@tripadvisor.com,71,2025-08-29T00:00:00.000Z,2025-08-29T00:00:00.000Z
599,Tracey,thunngm@spiegel.de,61,2025-08-29T00:00:00.000Z,2025-08-29T00:00:00.000Z
600,Ferdinanda,fsawlgn@blogtalkradio.com,348,2025-08-29T00:00:00.000Z,2025-08-29T00:00:00.000Z
601,Blinni,bgreschgo@blinklist.com,167,2025-08-29T00:00:00.000Z,2025-08-29T00:00:00.000Z
602,Freddie,fchubbgp@eventbrite.com,316,2025-08-29T00:00:00.000Z,2025-08-29T00:00:00.000Z
603,Guillaume,gscarfegq@tripadvisor.com,370,2025-08-29T00:00:00.000Z,2025-08-29T00:00:00.000Z
604,Norma,nmeardongr@ameblo.jp,315,2025-08-29T00:00:00.000Z,2025-08-29T00:00:00.000Z
605,Marielle,mmardlinggs@biblegateway.com,189,2025-08-29T00:00:00.000Z,2025-08-29T00:00:00.000Z
606,Randall,rsowlegt@cbslocal.com,26,2025-08-29T00:00:00.000Z,2025-08-29T00:00:00.000Z
607,Rosalyn,rhewsongu@bbb.org,211,2025-08-29T00:00:00.000Z,2025-08-29T00:00:00.000Z
608,Gay,gmcneachtaingv@ucoz.com,58,2025-08-29T00:00:00.000Z,2025-08-29T00:00:00.000Z
609,Marthena,mdoddgw@topsy.com,126,2025-08-29T00:00:00.000Z,2025-08-29T00:00:00.000Z
610,Dorella,dnasongx@tripadvisor.com,141,2025-08-29T00:00:00.000Z,2025-08-29T00:00:00.000Z
611,Daren,djaniakgy@reference.com,353,2025-08-29T00:00:00.000Z,2025-08-29T00:00:00.000Z
612,Cahra,cpandeygz@nsw.gov.au,350,2025-08-29T00:00:00.000Z,2025-08-29T00:00:00.000Z
613,Debby,dimlachh0@blinklist.com,194,2025-08-29T00:00:00.000Z,2025-08-29T00:00:00.000Z
614,Shirleen,sambrogettih1@nydailynews.com,104,2025-08-29T00:00:00.000Z,2025-08-29T00:00:00.000Z
615,Kristien,ksimecekh2@uiuc.edu,25,2025-08-29T00:00:00.000Z,2025-08-29T00:00:00.000Z
616,Jabez,jpratenh3@indiegogo.com,293,2025-08-29T00:00:00.000Z,2025-08-29T00:00:00.000Z
617,Aloisia,aanderssonh4@fda.gov,305,2025-08-29T00:00:00.000Z,2025-08-29T00:00:00.000Z
618,Daniele,dcecereh5@trellian.com,431,2025-08-29T00:00:00.000Z,2025-08-29T00:00:00.000Z
619,Chip,cchellamh6@is.gd,131,2025-08-29T00:00:00.000Z,2025-08-29T00:00:00.000Z
620,Candis,cnanettih7@opera.com,434,2025-08-29T00:00:00.000Z,2025-08-29T00:00:00.000Z
621,Cody,cfrantzenih8@xing.com,123,2025-08-29T00:00:00.000Z,2025-08-29T00:00:00.000Z
622,Marlee,mmapholmh9@ebay.co.uk,67,2025-08-29T00:00:00.000Z,2025-08-29T00:00:00.000Z
623,Madlin,msleithha@altervista.org,467,2025-08-29T00:00:00.000Z,2025-08-29T00:00:00.000Z
624,Magnum,mkestevenhb@marriott.com,233,2025-08-29T00:00:00.000Z,2025-08-29T00:00:00.000Z
625,Shell,sfennellyhc@xinhuanet.com,206,2025-08-29T00:00:00.000Z,2025-08-29T00:00:00.000Z
626,Ernst,ehonywillhd@huffingtonpost.com,118,2025-08-29T00:00:00.000Z,2025-08-29T00:00:00.000Z
627,Harman,hmacuchadairhe@geocities.jp,432,2025-08-29T00:00:00.000Z,2025-08-29T00:00:00.000Z
628,Storm,sfermorhf@nymag.com,310,2025-08-29T00:00:00.000Z,2025-08-29T00:00:00.000Z
629,Hewie,hfreynhg@un.org,192,2025-08-29T00:00:00.000Z,2025-08-29T00:00:00.000Z
630,Rhianna,rjankowskihh@ftc.gov,249,2025-08-29T00:00:00.000Z,2025-08-29T00:00:00.000Z
631,Bartholomeus,bmitchinerhi@facebook.com,367,2025-08-29T00:00:00.000Z,2025-08-29T00:00:00.000Z
632,Brena,blonderhj@unicef.org,328,2025-08-29T00:00:00.000Z,2025-08-29T00:00:00.000Z
633,Diarmid,dtubritthk@acquirethisname.com,371,2025-08-29T00:00:00.000Z,2025-08-29T00:00:00.000Z
634,Tristam,tguthersonhl@addthis.com,66,2025-08-29T00:00:00.000Z,2025-08-29T00:00:00.000Z
635,Conroy,chobbenhm@squidoo.com,299,2025-08-29T00:00:00.000Z,2025-08-29T00:00:00.000Z
636,Catarina,cblankenshiphn@flavors.me,47,2025-08-29T00:00:00.000Z,2025-08-29T00:00:00.000Z
637,Katha,kdouberdayho@joomla.org,327,2025-08-29T00:00:00.000Z,2025-08-29T00:00:00.000Z
638,Dukie,dfranchionihp@hibu.com,472,2025-08-29T00:00:00.000Z,2025-08-29T00:00:00.000Z
639,Mikey,mogershq@photobucket.com,302,2025-08-29T00:00:00.000Z,2025-08-29T00:00:00.000Z
640,Suzi,sfeyerhr@hugedomains.com,338,2025-08-29T00:00:00.000Z,2025-08-29T00:00:00.000Z
641,Diann,dciobutarohs@1und1.de,133,2025-08-29T00:00:00.000Z,2025-08-29T00:00:00.000Z
642,Reinwald,rkennht@ocn.ne.jp,208,2025-08-29T00:00:00.000Z,2025-08-29T00:00:00.000Z
643,Gregorio,gfassbenderhu@marketwatch.com,227,2025-08-29T00:00:00.000Z,2025-08-29T00:00:00.000Z
644,Andie,adraynhv@mtv.com,49,2025-08-29T00:00:00.000Z,2025-08-29T00:00:00.000Z
645,Emmey,emaitlandhw@dell.com,361,2025-08-29T00:00:00.000Z,2025-08-29T00:00:00.000Z
646,Jorie,jbarkshirehx@tuttocitta.it,400,2025-08-29T00:00:00.000Z,2025-08-29T00:00:00.000Z
647,Kristos,kortnerhy@list-manage.com,90,2025-08-29T00:00:00.000Z,2025-08-29T00:00:00.000Z
648,Dale,ddmitrievskihz@quantcast.com,113,2025-08-29T00:00:00.000Z,2025-08-29T00:00:00.000Z
649,Stevena,sfladei0@godaddy.com,287,2025-08-29T00:00:00.000Z,2025-08-29T00:00:00.000Z
650,Dmitri,ddebeauchampi1@seesaa.net,325,2025-08-29T00:00:00.000Z,2025-08-29T00:00:00.000Z
651,Rainer,rwicketti2@feedburner.com,446,2025-08-29T00:00:00.000Z,2025-08-29T00:00:00.000Z
652,Maddalena,mstorckei3@narod.ru,126,2025-08-29T00:00:00.000Z,2025-08-29T00:00:00.000Z
653,Rozele,rsarneyi4@reverbnation.com,303,2025-08-29T00:00:00.000Z,2025-08-29T00:00:00.000Z
654,Caresse,clivermorei5@latimes.com,382,2025-08-29T00:00:00.000Z,2025-08-29T00:00:00.000Z
655,Cate,cdanielkiewiczi6@networksolutions.com,456,2025-08-29T00:00:00.000Z,2025-08-29T00:00:00.000Z
656,Baldwin,brenackownai7@nhs.uk,420,2025-08-29T00:00:00.000Z,2025-08-29T00:00:00.000Z
657,Mirna,mkirkbridei8@forbes.com,27,2025-08-29T00:00:00.000Z,2025-08-29T00:00:00.000Z
658,Innis,itillingi9@tripod.com,374,2025-08-29T00:00:00.000Z,2025-08-29T00:00:00.000Z
659,Joel,jhulkia@salon.com,89,2025-08-29T00:00:00.000Z,2025-08-29T00:00:00.000Z
660,Gerta,gcruftib@umn.edu,480,2025-08-29T00:00:00.000Z,2025-08-29T00:00:00.000Z
661,Urbano,umosesic@engadget.com,60,2025-08-29T00:00:00.000Z,2025-08-29T00:00:00.000Z
662,Jasen,jjansaid@opensource.org,451,2025-08-29T00:00:00.000Z,2025-08-29T00:00:00.000Z
663,Garrott,gmarrinerie@networkadvertising.org,39,2025-08-29T00:00:00.000Z,2025-08-29T00:00:00.000Z
664,Mel,mshephardif@sitemeter.com,93,2025-08-29T00:00:00.000Z,2025-08-29T00:00:00.000Z
665,Sharyl,syakuninig@newsvine.com,64,2025-08-29T00:00:00.000Z,2025-08-29T00:00:00.000Z
666,Christos,cgilfoyleih@usatoday.com,328,2025-08-29T00:00:00.000Z,2025-08-29T00:00:00.000Z
667,Minna,mkiddsii@cbc.ca,150,2025-08-29T00:00:00.000Z,2025-08-29T00:00:00.000Z
668,Dagmar,dagettij@so-net.ne.jp,478,2025-08-29T00:00:00.000Z,2025-08-29T00:00:00.000Z
669,Athena,ahowseik@pinterest.com,179,2025-08-29T00:00:00.000Z,2025-08-29T00:00:00.000Z
670,Bank,bbeckmannil@si.edu,260,2025-08-29T00:00:00.000Z,2025-08-29T00:00:00.000Z
671,Araldo,abuzineim@lulu.com,184,2025-08-29T00:00:00.000Z,2025-08-29T00:00:00.000Z
672,Jewelle,jbodenin@mac.com,328,2025-08-29T00:00:00.000Z,2025-08-29T00:00:00.000Z
673,Gran,glupartiio@boston.com,203,2025-08-29T00:00:00.000Z,2025-08-29T00:00:00.000Z
674,Dasya,dwaddellip@netvibes.com,335,2025-08-29T00:00:00.000Z,2025-08-29T00:00:00.000Z
675,Lynsey,lkenaniq@theguardian.com,143,2025-08-29T00:00:00.000Z,2025-08-29T00:00:00.000Z
676,Vonnie,vhinckesir@naver.com,350,2025-08-29T00:00:00.000Z,2025-08-29T00:00:00.000Z
677,Merle,mpeepallis@storify.com,175,2025-08-29T00:00:00.000Z,2025-08-29T00:00:00.000Z
678,Abigale,aperillioit@dailymotion.com,384,2025-08-29T00:00:00.000Z,2025-08-29T00:00:00.000Z
679,Marlie,mwarrineriu@redcross.org,285,2025-08-29T00:00:00.000Z,2025-08-29T00:00:00.000Z
680,Danette,draynoriv@washington.edu,127,2025-08-29T00:00:00.000Z,2025-08-29T00:00:00.000Z
681,Veradis,vstrelitzeriw@pagesperso-orange.fr,90,2025-08-29T00:00:00.000Z,2025-08-29T00:00:00.000Z
682,Hobart,hpantridgeix@marriott.com,121,2025-08-29T00:00:00.000Z,2025-08-29T00:00:00.000Z
683,Tracee,tiacapucciiy@umich.edu,226,2025-08-29T00:00:00.000Z,2025-08-29T00:00:00.000Z
684,Darbie,dpaulsiz@examiner.com,318,2025-08-29T00:00:00.000Z,2025-08-29T00:00:00.000Z
685,Jemimah,jpadulaj0@vinaora.com,434,2025-08-29T00:00:00.000Z,2025-08-29T00:00:00.000Z
686,Carla,ccharonj1@hexun.com,402,2025-08-29T00:00:00.000Z,2025-08-29T00:00:00.000Z
687,Hadleigh,hbazleyj2@simplemachines.org,209,2025-08-29T00:00:00.000Z,2025-08-29T00:00:00.000Z
688,Inglis,iforsydej3@engadget.com,196,2025-08-29T00:00:00.000Z,2025-08-29T00:00:00.000Z
689,Ganny,gworsfieldj4@si.edu,472,2025-08-29T00:00:00.000Z,2025-08-29T00:00:00.000Z
690,Bernetta,bwinbornj5@opera.com,143,2025-08-29T00:00:00.000Z,2025-08-29T00:00:00.000Z
691,Hercule,hthorneleyj6@cdbaby.com,402,2025-08-29T00:00:00.000Z,2025-08-29T00:00:00.000Z
692,Monique,miacovuzzij7@google.de,329,2025-08-29T00:00:00.000Z,2025-08-29T00:00:00.000Z
693,Lothaire,lortonj8@oracle.com,224,2025-08-29T00:00:00.000Z,2025-08-29T00:00:00.000Z
694,Ian,igallonej9@privacy.gov.au,126,2025-08-29T00:00:00.000Z,2025-08-29T00:00:00.000Z
695,Ingamar,ilowinja@linkedin.com,343,2025-08-29T00:00:00.000Z,2025-08-29T00:00:00.000Z
696,Ruthie,rpanyerjb@altervista.org,463,2025-08-29T00:00:00.000Z,2025-08-29T00:00:00.000Z
697,Annelise,apettjc@altervista.org,328,2025-08-29T00:00:00.000Z,2025-08-29T00:00:00.000Z
698,Catriona,cpigeonjd@sun.com,500,2025-08-29T00:00:00.000Z,2025-08-29T00:00:00.000Z
699,Millie,mbuttje@house.gov,56,2025-08-29T00:00:00.000Z,2025-08-29T00:00:00.000Z
700,Anastassia,astanbrajf@4shared.com,246,2025-08-29T00:00:00.000Z,2025-08-29T00:00:00.000Z
701,Ursula,ucluckiejg@seattletimes.com,475,2025-08-29T00:00:00.000Z,2025-08-29T00:00:00.000Z
702,Jolynn,jcrushjh@guardian.co.uk,42,2025-08-29T00:00:00.000Z,2025-08-29T00:00:00.000Z
703,Tina,tjosipovicji@walmart.com,209,2025-08-29T00:00:00.000Z,2025-08-29T00:00:00.000Z
704,Hadlee,hbotwoodjj@networksolutions.com,289,2025-08-29T00:00:00.000Z,2025-08-29T00:00:00.000Z
705,Effie,egantzmanjk@amazon.de,34,2025-08-29T00:00:00.000Z,2025-08-29T00:00:00.000Z
706,Gawain,gchidwickjl@sina.com.cn,421,2025-08-29T00:00:00.000Z,2025-08-29T00:00:00.000Z
707,Dimitri,delleynejm@com.com,99,2025-08-29T00:00:00.000Z,2025-08-29T00:00:00.000Z
708,Daniella,djezzardjn@shinystat.com,131,2025-08-29T00:00:00.000Z,2025-08-29T00:00:00.000Z
709,Shelia,surejo@pbs.org,120,2025-08-29T00:00:00.000Z,2025-08-29T00:00:00.000Z
710,Abey,abiggansjp@imgur.com,266,2025-08-29T00:00:00.000Z,2025-08-29T00:00:00.000Z
711,Lev,lwadesonjq@bbb.org,38,2025-08-29T00:00:00.000Z,2025-08-29T00:00:00.000Z
712,Cammy,cpatriajr@nationalgeographic.com,266,2025-08-29T00:00:00.000Z,2025-08-29T00:00:00.000Z
713,Thelma,treariejs@ebay.co.uk,224,2025-08-29T00:00:00.000Z,2025-08-29T00:00:00.000Z
714,Falito,fleyjt@wisc.edu,493,2025-08-29T00:00:00.000Z,2025-08-29T00:00:00.000Z
715,Philipa,phainju@zimbio.com,355,2025-08-29T00:00:00.000Z,2025-08-29T00:00:00.000Z
716,Fawne,flabbjv@lycos.com,482,2025-08-29T00:00:00.000Z,2025-08-29T00:00:00.000Z
717,Adelina,amaypotherjw@msu.edu,327,2025-08-29T00:00:00.000Z,2025-08-29T00:00:00.000Z
718,Danella,dherremajx@dyndns.org,357,2025-08-29T00:00:00.000Z,2025-08-29T00:00:00.000Z
719,Pattin,pthiesjy@cbsnews.com,277,2025-08-29T00:00:00.000Z,2025-08-29T00:00:00.000Z
720,Nicol,nbysouthjz@fotki.com,449,2025-08-29T00:00:00.000Z,2025-08-29T00:00:00.000Z
721,Edythe,espreagk0@china.com.cn,288,2025-08-29T00:00:00.000Z,2025-08-29T00:00:00.000Z
722,Pietro,pgunnerk1@1und1.de,447,2025-08-29T00:00:00.000Z,2025-08-29T00:00:00.000Z
723,Zelig,zboothebiek2@cdc.gov,192,2025-08-29T00:00:00.000Z,2025-08-29T00:00:00.000Z
724,Waverly,wlunok3@istockphoto.com,278,2025-08-29T00:00:00.000Z,2025-08-29T00:00:00.000Z
725,Dulci,dsamplesk4@biblegateway.com,68,2025-08-29T00:00:00.000Z,2025-08-29T00:00:00.000Z
726,Arman,akilbeek5@wordpress.com,410,2025-08-29T00:00:00.000Z,2025-08-29T00:00:00.000Z
727,Dunstan,dbucklerk6@mlb.com,399,2025-08-29T00:00:00.000Z,2025-08-29T00:00:00.000Z
728,Jany,jbosomworthk7@cnn.com,251,2025-08-29T00:00:00.000Z,2025-08-29T00:00:00.000Z
729,Charin,cpirazzik8@chron.com,325,2025-08-29T00:00:00.000Z,2025-08-29T00:00:00.000Z
730,Waylon,wblackbroughk9@upenn.edu,38,2025-08-29T00:00:00.000Z,2025-08-29T00:00:00.000Z
731,Carver,ccastiglioneka@arstechnica.com,412,2025-08-29T00:00:00.000Z,2025-08-29T00:00:00.000Z
732,Pattie,pglanisterkb@businessinsider.com,63,2025-08-29T00:00:00.000Z,2025-08-29T00:00:00.000Z
733,Pavlov,peglisekc@histats.com,357,2025-08-29T00:00:00.000Z,2025-08-29T00:00:00.000Z
734,Ellyn,etwaitekd@shareasale.com,429,2025-08-29T00:00:00.000Z,2025-08-29T00:00:00.000Z
735,Isabelita,iwestmorelandke@google.ru,72,2025-08-29T00:00:00.000Z,2025-08-29T00:00:00.000Z
736,Blair,bmunnkf@ucoz.ru,294,2025-08-29T00:00:00.000Z,2025-08-29T00:00:00.000Z
737,Belita,bphilipsenkg@mapquest.com,257,2025-08-29T00:00:00.000Z,2025-08-29T00:00:00.000Z
738,Sylas,smccrearykh@mayoclinic.com,357,2025-08-29T00:00:00.000Z,2025-08-29T00:00:00.000Z
739,Link,ldonlonki@nih.gov,158,2025-08-29T00:00:00.000Z,2025-08-29T00:00:00.000Z
740,Ahmad,asemeniukkj@mtv.com,348,2025-08-29T00:00:00.000Z,2025-08-29T00:00:00.000Z
741,Lodovico,lmacaskillkk@wunderground.com,383,2025-08-29T00:00:00.000Z,2025-08-29T00:00:00.000Z
742,Mirella,mbiernackikl@ebay.com,306,2025-08-29T00:00:00.000Z,2025-08-29T00:00:00.000Z
743,Winifred,wphilippsohnkm@noaa.gov,205,2025-08-29T00:00:00.000Z,2025-08-29T00:00:00.000Z
744,Nessy,narkillkn@biblegateway.com,134,2025-08-29T00:00:00.000Z,2025-08-29T00:00:00.000Z
745,Imojean,iolczykko@amazon.co.jp,302,2025-08-29T00:00:00.000Z,2025-08-29T00:00:00.000Z
746,Fifine,fmusicokp@free.fr,322,2025-08-29T00:00:00.000Z,2025-08-29T00:00:00.000Z
747,Xever,xwroutkq@storify.com,174,2025-08-29T00:00:00.000Z,2025-08-29T00:00:00.000Z
748,Letizia,lhimsworthkr@gmpg.org,58,2025-08-29T00:00:00.000Z,2025-08-29T00:00:00.000Z
749,Muffin,mlabonks@kickstarter.com,324,2025-08-29T00:00:00.000Z,2025-08-29T00:00:00.000Z
750,Jesus,jbethunekt@addthis.com,170,2025-08-29T00:00:00.000Z,2025-08-29T00:00:00.000Z
751,Jacob,jlemmeku@ucsd.edu,351,2025-08-29T00:00:00.000Z,2025-08-29T00:00:00.000Z
752,Darcy,dsouzakv@yahoo.com,280,2025-08-29T00:00:00.000Z,2025-08-29T00:00:00.000Z
753,Husain,hsheardkw@nydailynews.com,274,2025-08-29T00:00:00.000Z,2025-08-29T00:00:00.000Z
754,Devinne,ddovidaitiskx@biblegateway.com,332,2025-08-29T00:00:00.000Z,2025-08-29T00:00:00.000Z
755,Jamie,jjustunky@yelp.com,487,2025-08-29T00:00:00.000Z,2025-08-29T00:00:00.000Z
756,Fredrika,fjankinkz@ihg.com,378,2025-08-29T00:00:00.000Z,2025-08-29T00:00:00.000Z
757,Aubry,aglisenanl0@princeton.edu,324,2025-08-29T00:00:00.000Z,2025-08-29T00:00:00.000Z
758,Gilbert,gholdronl1@europa.eu,141,2025-08-29T00:00:00.000Z,2025-08-29T00:00:00.000Z
759,Shandeigh,sshieldonl2@sogou.com,429,2025-08-29T00:00:00.000Z,2025-08-29T00:00:00.000Z
760,Debora,dkalkoferl3@msu.edu,407,2025-08-29T00:00:00.000Z,2025-08-29T00:00:00.000Z
761,Alphonse,atreendl4@diigo.com,56,2025-08-29T00:00:00.000Z,2025-08-29T00:00:00.000Z
762,Aggi,asnowl5@princeton.edu,352,2025-08-29T00:00:00.000Z,2025-08-29T00:00:00.000Z
763,Cristine,corpenl6@moonfruit.com,207,2025-08-29T00:00:00.000Z,2025-08-29T00:00:00.000Z
764,Inness,ipassmanl7@parallels.com,283,2025-08-29T00:00:00.000Z,2025-08-29T00:00:00.000Z
765,Krystalle,kgommesl8@i2i.jp,33,2025-08-29T00:00:00.000Z,2025-08-29T00:00:00.000Z
766,Lesly,lplanl9@yelp.com,191,2025-08-29T00:00:00.000Z,2025-08-29T00:00:00.000Z
767,Joanne,jdrawmerla@qq.com,484,2025-08-29T00:00:00.000Z,2025-08-29T00:00:00.000Z
768,Alisander,astockneylb@techcrunch.com,58,2025-08-29T00:00:00.000Z,2025-08-29T00:00:00.000Z
769,Janey,jcheeneylc@cnet.com,310,2025-08-29T00:00:00.000Z,2025-08-29T00:00:00.000Z
770,Correy,cscrancherld@microsoft.com,171,2025-08-29T00:00:00.000Z,2025-08-29T00:00:00.000Z
771,Roxine,rjeannonle@mac.com,55,2025-08-29T00:00:00.000Z,2025-08-29T00:00:00.000Z
772,Renato,rmandellf@diigo.com,104,2025-08-29T00:00:00.000Z,2025-08-29T00:00:00.000Z
773,Fancie,fcappslg@nature.com,353,2025-08-29T00:00:00.000Z,2025-08-29T00:00:00.000Z
774,Benny,bkemsleylh@whitehouse.gov,246,2025-08-29T00:00:00.000Z,2025-08-29T00:00:00.000Z
775,Garnet,gladelli@bandcamp.com,115,2025-08-29T00:00:00.000Z,2025-08-29T00:00:00.000Z
776,Allx,apalombalj@imageshack.us,255,2025-08-29T00:00:00.000Z,2025-08-29T00:00:00.000Z
777,Sarajane,sprettymanlk@yahoo.com,157,2025-08-29T00:00:00.000Z,2025-08-29T00:00:00.000Z
778,Klaus,kbernasekll@irs.gov,213,2025-08-29T00:00:00.000Z,2025-08-29T00:00:00.000Z
779,Christan,ccasinelm@deviantart.com,64,2025-08-29T00:00:00.000Z,2025-08-29T00:00:00.000Z
780,Marisa,mwatkissln@umich.edu,297,2025-08-29T00:00:00.000Z,2025-08-29T00:00:00.000Z
781,Helenka,hpoundesfordlo@nba.com,84,2025-08-29T00:00:00.000Z,2025-08-29T00:00:00.000Z
782,Janette,jsackeslp@mtv.com,344,2025-08-29T00:00:00.000Z,2025-08-29T00:00:00.000Z
783,Junia,jfillerlq@thetimes.co.uk,367,2025-08-29T00:00:00.000Z,2025-08-29T00:00:00.000Z
784,Gasper,gpenddrethlr@wikia.com,126,2025-08-29T00:00:00.000Z,2025-08-29T00:00:00.000Z
785,Camila,creekiels@ezinearticles.com,438,2025-08-29T00:00:00.000Z,2025-08-29T00:00:00.000Z
786,Sal,sstubbslt@privacy.gov.au,29,2025-08-29T00:00:00.000Z,2025-08-29T00:00:00.000Z
787,Silvano,spreshouslu@tmall.com,335,2025-08-29T00:00:00.000Z,2025-08-29T00:00:00.000Z
788,Silvia,sjendryslv@ft.com,425,2025-08-29T00:00:00.000Z,2025-08-29T00:00:00.000Z
789,Decca,dliffeylw@pinterest.com,321,2025-08-29T00:00:00.000Z,2025-08-29T00:00:00.000Z
790,Frederik,fjendaslx@nymag.com,469,2025-08-29T00:00:00.000Z,2025-08-29T00:00:00.000Z
791,Kristen,kheistermannly@nsw.gov.au,327,2025-08-29T00:00:00.000Z,2025-08-29T00:00:00.000Z
792,Felice,fwilkielz@dyndns.org,178,2025-08-29T00:00:00.000Z,2025-08-29T00:00:00.000Z
793,Patin,pisittm0@vimeo.com,322,2025-08-29T00:00:00.000Z,2025-08-29T00:00:00.000Z
794,Fabien,fcorroyerm1@archive.org,438,2025-08-29T00:00:00.000Z,2025-08-29T00:00:00.000Z
795,Lindsey,lablottm2@freewebs.com,359,2025-08-29T00:00:00.000Z,2025-08-29T00:00:00.000Z
796,Gamaliel,glewensm3@economist.com,474,2025-08-29T00:00:00.000Z,2025-08-29T00:00:00.000Z
797,Reagen,rdeclerqm4@addtoany.com,427,2025-08-29T00:00:00.000Z,2025-08-29T00:00:00.000Z
798,Nonie,nboerdermanm5@arizona.edu,285,2025-08-29T00:00:00.000Z,2025-08-29T00:00:00.000Z
799,Edyth,ebarfittm6@infoseek.co.jp,491,2025-08-29T00:00:00.000Z,2025-08-29T00:00:00.000Z
800,Sapphire,sdaubneym7@google.com.hk,92,2025-08-29T00:00:00.000Z,2025-08-29T00:00:00.000Z
801,Freda,felveym8@reverbnation.com,260,2025-08-29T00:00:00.000Z,2025-08-29T00:00:00.000Z
802,Cleon,chedleym9@dmoz.org,468,2025-08-29T00:00:00.000Z,2025-08-29T00:00:00.000Z
803,Kirk,kincema@flavors.me,188,2025-08-29T00:00:00.000Z,2025-08-29T00:00:00.000Z
804,Annnora,atoynbeemb@yolasite.com,52,2025-08-29T00:00:00.000Z,2025-08-29T00:00:00.000Z
805,Aksel,asandlandmc@pcworld.com,174,2025-08-29T00:00:00.000Z,2025-08-29T00:00:00.000Z
806,Petr,pcorneillemd@umich.edu,151,2025-08-29T00:00:00.000Z,2025-08-29T00:00:00.000Z
807,Dionysus,dboucherme@trellian.com,286,2025-08-29T00:00:00.000Z,2025-08-29T00:00:00.000Z
808,Kirstyn,kstalmanmf@ebay.co.uk,31,2025-08-29T00:00:00.000Z,2025-08-29T00:00:00.000Z
809,Levey,loquinmg@list-manage.com,287,2025-08-29T00:00:00.000Z,2025-08-29T00:00:00.000Z
810,Michell,mhussymh@fda.gov,291,2025-08-29T00:00:00.000Z,2025-08-29T00:00:00.000Z
811,Adham,asmedleymi@bbb.org,246,2025-08-29T00:00:00.000Z,2025-08-29T00:00:00.000Z
812,Vite,vaynsleymj@privacy.gov.au,93,2025-08-29T00:00:00.000Z,2025-08-29T00:00:00.000Z
813,Coletta,chawemk@salon.com,379,2025-08-29T00:00:00.000Z,2025-08-29T00:00:00.000Z
814,Teodorico,tcawthraml@google.co.uk,358,2025-08-29T00:00:00.000Z,2025-08-29T00:00:00.000Z
815,Loren,lcowxmm@cargocollective.com,241,2025-08-29T00:00:00.000Z,2025-08-29T00:00:00.000Z
816,Cynde,cwasielewiczmn@gnu.org,350,2025-08-29T00:00:00.000Z,2025-08-29T00:00:00.000Z
817,Opal,ogerranmo@soundcloud.com,417,2025-08-29T00:00:00.000Z,2025-08-29T00:00:00.000Z
818,Catie,cakedmp@dell.com,262,2025-08-29T00:00:00.000Z,2025-08-29T00:00:00.000Z
819,Cristy,cmelmoremq@so-net.ne.jp,90,2025-08-29T00:00:00.000Z,2025-08-29T00:00:00.000Z
820,Marys,moneilmr@china.com.cn,111,2025-08-29T00:00:00.000Z,2025-08-29T00:00:00.000Z
821,Wiley,wprobbingsms@netscape.com,43,2025-08-29T00:00:00.000Z,2025-08-29T00:00:00.000Z
822,Karole,kwittmanmt@mit.edu,195,2025-08-29T00:00:00.000Z,2025-08-29T00:00:00.000Z
823,Sadie,ssigwardmu@wikia.com,443,2025-08-29T00:00:00.000Z,2025-08-29T00:00:00.000Z
824,Meggy,mtulkmv@usatoday.com,318,2025-08-29T00:00:00.000Z,2025-08-29T00:00:00.000Z
825,Berni,bfontinmw@oracle.com,131,2025-08-29T00:00:00.000Z,2025-08-29T00:00:00.000Z
826,Wood,wmctrustrammx@army.mil,166,2025-08-29T00:00:00.000Z,2025-08-29T00:00:00.000Z
827,Charo,charmarmy@webnode.com,343,2025-08-29T00:00:00.000Z,2025-08-29T00:00:00.000Z
828,Lorianna,lranaghanmz@zdnet.com,158,2025-08-29T00:00:00.000Z,2025-08-29T00:00:00.000Z
829,Kennett,kminton0@jalbum.net,297,2025-08-29T00:00:00.000Z,2025-08-29T00:00:00.000Z
830,Abagael,ahuguesn1@nature.com,113,2025-08-29T00:00:00.000Z,2025-08-29T00:00:00.000Z
831,Lotti,lbarberan2@alibaba.com,281,2025-08-29T00:00:00.000Z,2025-08-29T00:00:00.000Z
832,Tarah,tgarwelln3@oaic.gov.au,165,2025-08-29T00:00:00.000Z,2025-08-29T00:00:00.000Z
833,Gardy,gcoulmann4@devhub.com,297,2025-08-29T00:00:00.000Z,2025-08-29T00:00:00.000Z
834,Johnathon,jwinscumn5@cmu.edu,444,2025-08-29T00:00:00.000Z,2025-08-29T00:00:00.000Z
835,Jacquetta,jpavyn6@blog.com,224,2025-08-29T00:00:00.000Z,2025-08-29T00:00:00.000Z
836,Napoleon,nshimwelln7@newyorker.com,276,2025-08-29T00:00:00.000Z,2025-08-29T00:00:00.000Z
837,Eleni,emisselbrookn8@webnode.com,160,2025-08-29T00:00:00.000Z,2025-08-29T00:00:00.000Z
838,Skippie,sdevennyn9@csmonitor.com,294,2025-08-29T00:00:00.000Z,2025-08-29T00:00:00.000Z
839,Thomas,tisacqna@noaa.gov,47,2025-08-29T00:00:00.000Z,2025-08-29T00:00:00.000Z
840,Ginny,gberginnb@example.com,76,2025-08-29T00:00:00.000Z,2025-08-29T00:00:00.000Z
841,Mead,mscowennc@cafepress.com,325,2025-08-29T00:00:00.000Z,2025-08-29T00:00:00.000Z
842,Jane,jeaglesnd@themeforest.net,303,2025-08-29T00:00:00.000Z,2025-08-29T00:00:00.000Z
843,Gabriellia,gtoquetne@vimeo.com,336,2025-08-29T00:00:00.000Z,2025-08-29T00:00:00.000Z
844,Karola,kpendrednf@qq.com,410,2025-08-29T00:00:00.000Z,2025-08-29T00:00:00.000Z
845,Sher,sstirtonng@walmart.com,423,2025-08-29T00:00:00.000Z,2025-08-29T00:00:00.000Z
846,Findlay,fgofforthnh@wordpress.org,220,2025-08-29T00:00:00.000Z,2025-08-29T00:00:00.000Z
847,Bevin,bearlni@alibaba.com,455,2025-08-29T00:00:00.000Z,2025-08-29T00:00:00.000Z
848,Conny,cbudleighnj@example.com,160,2025-08-29T00:00:00.000Z,2025-08-29T00:00:00.000Z
849,Barbie,blinnanenk@accuweather.com,341,2025-08-29T00:00:00.000Z,2025-08-29T00:00:00.000Z
850,Hatty,hstoacleynl@smh.com.au,201,2025-08-29T00:00:00.000Z,2025-08-29T00:00:00.000Z
851,Dewie,dsculleynm@umn.edu,499,2025-08-29T00:00:00.000Z,2025-08-29T00:00:00.000Z
852,Bendite,bbotenn@bizjournals.com,396,2025-08-29T00:00:00.000Z,2025-08-29T00:00:00.000Z
853,Lori,lspurgeonno@moonfruit.com,404,2025-08-29T00:00:00.000Z,2025-08-29T00:00:00.000Z
854,Koressa,ksterrienp@china.com.cn,96,2025-08-29T00:00:00.000Z,2025-08-29T00:00:00.000Z
855,Tracie,tmoodeynq@aboutads.info,190,2025-08-29T00:00:00.000Z,2025-08-29T00:00:00.000Z
856,Oates,ocroshawnr@dell.com,370,2025-08-29T00:00:00.000Z,2025-08-29T00:00:00.000Z
857,Sanders,sfatharlyns@who.int,74,2025-08-29T00:00:00.000Z,2025-08-29T00:00:00.000Z
858,Graig,gdeeginnt@example.com,444,2025-08-29T00:00:00.000Z,2025-08-29T00:00:00.000Z
859,Kally,kbarthelnu@google.com.au,243,2025-08-29T00:00:00.000Z,2025-08-29T00:00:00.000Z
860,Elise,ebennettonv@ox.ac.uk,118,2025-08-29T00:00:00.000Z,2025-08-29T00:00:00.000Z
861,Viva,vcansdalenw@baidu.com,343,2025-08-29T00:00:00.000Z,2025-08-29T00:00:00.000Z
862,Floris,fcolnettnx@ustream.tv,491,2025-08-29T00:00:00.000Z,2025-08-29T00:00:00.000Z
863,Laurie,lluskny@themeforest.net,260,2025-08-29T00:00:00.000Z,2025-08-29T00:00:00.000Z
864,Alene,alecountnz@mayoclinic.com,114,2025-08-29T00:00:00.000Z,2025-08-29T00:00:00.000Z
865,Wolfgang,whuortico0@imageshack.us,387,2025-08-29T00:00:00.000Z,2025-08-29T00:00:00.000Z
866,Roley,rjakawayo1@github.io,78,2025-08-29T00:00:00.000Z,2025-08-29T00:00:00.000Z
867,Jana,jmorettoo2@tripadvisor.com,61,2025-08-29T00:00:00.000Z,2025-08-29T00:00:00.000Z
868,Fionna,fwoodso3@answers.com,194,2025-08-29T00:00:00.000Z,2025-08-29T00:00:00.000Z
869,Vinnie,vknightleyo4@exblog.jp,26,2025-08-29T00:00:00.000Z,2025-08-29T00:00:00.000Z
870,Issi,isoggeeo5@geocities.com,249,2025-08-29T00:00:00.000Z,2025-08-29T00:00:00.000Z
871,Katrinka,kgarahano6@mac.com,388,2025-08-29T00:00:00.000Z,2025-08-29T00:00:00.000Z
872,Maxy,marmito7@smh.com.au,104,2025-08-29T00:00:00.000Z,2025-08-29T00:00:00.000Z
873,Gianina,gfountaino8@fotki.com,93,2025-08-29T00:00:00.000Z,2025-08-29T00:00:00.000Z
874,Tammie,teversleyo9@go.com,485,2025-08-29T00:00:00.000Z,2025-08-29T00:00:00.000Z
875,Barrie,bedgehilloa@sina.com.cn,215,2025-08-29T00:00:00.000Z,2025-08-29T00:00:00.000Z
876,Roseanna,rkitchersideob@privacy.gov.au,86,2025-08-29T00:00:00.000Z,2025-08-29T00:00:00.000Z
877,Kippie,kmatthessenoc@harvard.edu,35,2025-08-29T00:00:00.000Z,2025-08-29T00:00:00.000Z
878,Cecil,cdivesod@cnn.com,378,2025-08-29T00:00:00.000Z,2025-08-29T00:00:00.000Z
879,Thurstan,tfassbindleroe@cloudflare.com,443,2025-08-29T00:00:00.000Z,2025-08-29T00:00:00.000Z
880,Gerhardt,gginglellof@utexas.edu,395,2025-08-29T00:00:00.000Z,2025-08-29T00:00:00.000Z
881,Dunc,dchaplinog@state.gov,419,2025-08-29T00:00:00.000Z,2025-08-29T00:00:00.000Z
882,Emilio,edetloffoh@skyrock.com,34,2025-08-29T00:00:00.000Z,2025-08-29T00:00:00.000Z
883,Marcellus,mottawelloi@tinyurl.com,453,2025-08-29T00:00:00.000Z,2025-08-29T00:00:00.000Z
884,Deina,dlineoj@smh.com.au,59,2025-08-29T00:00:00.000Z,2025-08-29T00:00:00.000Z
885,Jesse,jdwerryhouseok@reuters.com,164,2025-08-29T00:00:00.000Z,2025-08-29T00:00:00.000Z
886,Mychal,mdoolyol@reddit.com,262,2025-08-29T00:00:00.000Z,2025-08-29T00:00:00.000Z
887,Ermin,ecoulthardom@cnn.com,288,2025-08-29T00:00:00.000Z,2025-08-29T00:00:00.000Z
888,Glenda,gflawnon@nationalgeographic.com,83,2025-08-29T00:00:00.000Z,2025-08-29T00:00:00.000Z
889,Charmian,cgodardoo@dailymotion.com,164,2025-08-29T00:00:00.000Z,2025-08-29T00:00:00.000Z
890,Alastair,asperaop@rambler.ru,481,2025-08-29T00:00:00.000Z,2025-08-29T00:00:00.000Z
891,Mavra,mmarcroftoq@upenn.edu,57,2025-08-29T00:00:00.000Z,2025-08-29T00:00:00.000Z
892,Bekki,bgriefor@bbb.org,276,2025-08-29T00:00:00.000Z,2025-08-29T00:00:00.000Z
893,Trefor,tblackshawos@jalbum.net,193,2025-08-29T00:00:00.000Z,2025-08-29T00:00:00.000Z
894,Saraann,ssangwineot@tinypic.com,487,2025-08-29T00:00:00.000Z,2025-08-29T00:00:00.000Z
895,Nicola,ndillingstonou@rambler.ru,471,2025-08-29T00:00:00.000Z,2025-08-29T00:00:00.000Z
896,Elsa,edrinkelov@fema.gov,73,2025-08-29T00:00:00.000Z,2025-08-29T00:00:00.000Z
897,Tulley,thutcheonow@wordpress.org,245,2025-08-29T00:00:00.000Z,2025-08-29T00:00:00.000Z
898,Fifine,fyvesox@about.me,357,2025-08-29T00:00:00.000Z,2025-08-29T00:00:00.000Z
899,Maddy,mjelksoy@economist.com,393,2025-08-29T00:00:00.000Z,2025-08-29T00:00:00.000Z
900,Sigvard,sbynethoz@vistaprint.com,240,2025-08-29T00:00:00.000Z,2025-08-29T00:00:00.000Z
901,Eddi,ekirkep0@engadget.com,326,2025-08-29T00:00:00.000Z,2025-08-29T00:00:00.000Z
902,Kettie,kfonzonep1@wikipedia.org,43,2025-08-29T00:00:00.000Z,2025-08-29T00:00:00.000Z
903,Johna,jkyttorp2@dedecms.com,241,2025-08-29T00:00:00.000Z,2025-08-29T00:00:00.000Z
904,Eddi,eskedgep3@nsw.gov.au,169,2025-08-29T00:00:00.000Z,2025-08-29T00:00:00.000Z
905,Doro,dshillabearp4@photobucket.com,143,2025-08-29T00:00:00.000Z,2025-08-29T00:00:00.000Z
906,Gayle,gseidep5@baidu.com,422,2025-08-29T00:00:00.000Z,2025-08-29T00:00:00.000Z
907,Shirleen,sstandagep6@nps.gov,378,2025-08-29T00:00:00.000Z,2025-08-29T00:00:00.000Z
908,Amil,ashuttlep7@bravesites.com,172,2025-08-29T00:00:00.000Z,2025-08-29T00:00:00.000Z
909,Fletch,fberreyp8@un.org,358,2025-08-29T00:00:00.000Z,2025-08-29T00:00:00.000Z
910,Blanca,bmcateerp9@xinhuanet.com,490,2025-08-29T00:00:00.000Z,2025-08-29T00:00:00.000Z
911,Sutherland,sjohnspa@cbslocal.com,209,2025-08-29T00:00:00.000Z,2025-08-29T00:00:00.000Z
912,Maryjo,mattyeopb@bing.com,110,2025-08-29T00:00:00.000Z,2025-08-29T00:00:00.000Z
913,Nadya,nsweettpc@hud.gov,294,2025-08-29T00:00:00.000Z,2025-08-29T00:00:00.000Z
914,Noami,nmabbettpd@mediafire.com,34,2025-08-29T00:00:00.000Z,2025-08-29T00:00:00.000Z
915,Lorenza,lhunterpe@wordpress.org,452,2025-08-29T00:00:00.000Z,2025-08-29T00:00:00.000Z
916,Yasmeen,yventonpf@sun.com,64,2025-08-29T00:00:00.000Z,2025-08-29T00:00:00.000Z
917,Caye,cwinstanleypg@harvard.edu,372,2025-08-29T00:00:00.000Z,2025-08-29T00:00:00.000Z
918,Sallyanne,sgracewoodph@instagram.com,187,2025-08-29T00:00:00.000Z,2025-08-29T00:00:00.000Z
919,Kerry,kisgatepi@sina.com.cn,345,2025-08-29T00:00:00.000Z,2025-08-29T00:00:00.000Z
920,Tiebold,tgallamorepj@rakuten.co.jp,437,2025-08-29T00:00:00.000Z,2025-08-29T00:00:00.000Z
921,Bernardina,bplailpk@wisc.edu,62,2025-08-29T00:00:00.000Z,2025-08-29T00:00:00.000Z
922,Ryann,rmissingtonpl@squidoo.com,105,2025-08-29T00:00:00.000Z,2025-08-29T00:00:00.000Z
923,Alonso,awemespm@ning.com,319,2025-08-29T00:00:00.000Z,2025-08-29T00:00:00.000Z
924,Vincent,vmcowenpn@biblegateway.com,499,2025-08-29T00:00:00.000Z,2025-08-29T00:00:00.000Z
925,Peggie,pspellicypo@squidoo.com,87,2025-08-29T00:00:00.000Z,2025-08-29T00:00:00.000Z
926,Ophelie,obooipp@google.com.br,298,2025-08-29T00:00:00.000Z,2025-08-29T00:00:00.000Z
927,Enriqueta,eroddypq@imdb.com,167,2025-08-29T00:00:00.000Z,2025-08-29T00:00:00.000Z
928,Shina,smousepr@list-manage.com,475,2025-08-29T00:00:00.000Z,2025-08-29T00:00:00.000Z
929,Franz,fsollisps@cmu.edu,25,2025-08-29T00:00:00.000Z,2025-08-29T00:00:00.000Z
930,Rene,roshaughnessypt@imageshack.us,31,2025-08-29T00:00:00.000Z,2025-08-29T00:00:00.000Z
931,Loretta,lchretienpu@xrea.com,452,2025-08-29T00:00:00.000Z,2025-08-29T00:00:00.000Z
932,Lauryn,lathowpv@dedecms.com,80,2025-08-29T00:00:00.000Z,2025-08-29T00:00:00.000Z
933,Clemmie,ctuffieldpw@noaa.gov,387,2025-08-29T00:00:00.000Z,2025-08-29T00:00:00.000Z
934,Seana,spenimanpx@theatlantic.com,212,2025-08-29T00:00:00.000Z,2025-08-29T00:00:00.000Z
935,Goldia,gbaldenpy@dyndns.org,194,2025-08-29T00:00:00.000Z,2025-08-29T00:00:00.000Z
936,Gretal,galexsandrevpz@istockphoto.com,102,2025-08-29T00:00:00.000Z,2025-08-29T00:00:00.000Z
937,Pete,pkilbaneq0@diigo.com,325,2025-08-29T00:00:00.000Z,2025-08-29T00:00:00.000Z
938,Zachariah,zshutlerq1@infoseek.co.jp,118,2025-08-29T00:00:00.000Z,2025-08-29T00:00:00.000Z
939,Rex,rlowmassq2@scientificamerican.com,364,2025-08-29T00:00:00.000Z,2025-08-29T00:00:00.000Z
940,Marlane,marentq3@typepad.com,30,2025-08-29T00:00:00.000Z,2025-08-29T00:00:00.000Z
941,Brendin,bsalernoq4@indiegogo.com,77,2025-08-29T00:00:00.000Z,2025-08-29T00:00:00.000Z
942,Rosette,rashburnerq5@prweb.com,435,2025-08-29T00:00:00.000Z,2025-08-29T00:00:00.000Z
943,Thaine,tdurrantq6@imageshack.us,392,2025-08-29T00:00:00.000Z,2025-08-29T00:00:00.000Z
944,Ollie,omiddleq7@i2i.jp,83,2025-08-29T00:00:00.000Z,2025-08-29T00:00:00.000Z
945,Algernon,aclemsonq8@posterous.com,421,2025-08-29T00:00:00.000Z,2025-08-29T00:00:00.000Z
946,Orlando,omonneryq9@moonfruit.com,442,2025-08-29T00:00:00.000Z,2025-08-29T00:00:00.000Z
947,Gage,garboineqa@wired.com,392,2025-08-29T00:00:00.000Z,2025-08-29T00:00:00.000Z
948,Louis,lmoodeyqb@vistaprint.com,448,2025-08-29T00:00:00.000Z,2025-08-29T00:00:00.000Z
949,Kellyann,ksermanqc@g.co,276,2025-08-29T00:00:00.000Z,2025-08-29T00:00:00.000Z
950,Valene,vbanyardqd@chron.com,467,2025-08-29T00:00:00.000Z,2025-08-29T00:00:00.000Z
951,Blanche,bmcnivenqe@pagesperso-orange.fr,127,2025-08-29T00:00:00.000Z,2025-08-29T00:00:00.000Z
952,Gran,gmauvinqf@sbwire.com,412,2025-08-29T00:00:00.000Z,2025-08-29T00:00:00.000Z
953,Horace,hsemperqg@goo.ne.jp,409,2025-08-29T00:00:00.000Z,2025-08-29T00:00:00.000Z
954,Dorthea,ddanitqh@irs.gov,219,2025-08-29T00:00:00.000Z,2025-08-29T00:00:00.000Z
955,Emilee,emikoqi@desdev.cn,337,2025-08-29T00:00:00.000Z,2025-08-29T00:00:00.000Z
956,Jayne,jshallooqj@usnews.com,425,2025-08-29T00:00:00.000Z,2025-08-29T00:00:00.000Z
957,Barri,bchiplenqk@mapy.cz,494,2025-08-29T00:00:00.000Z,2025-08-29T00:00:00.000Z
958,Egor,estitchql@youku.com,203,2025-08-29T00:00:00.000Z,2025-08-29T00:00:00.000Z
959,Wilton,wholmyardqm@mapquest.com,144,2025-08-29T00:00:00.000Z,2025-08-29T00:00:00.000Z
960,Celine,cpreshoqn@oaic.gov.au,487,2025-08-29T00:00:00.000Z,2025-08-29T00:00:00.000Z
961,Barrie,bchristofeqo@about.com,254,2025-08-29T00:00:00.000Z,2025-08-29T00:00:00.000Z
962,Yehudi,ypoleyeqp@issuu.com,106,2025-08-29T00:00:00.000Z,2025-08-29T00:00:00.000Z
963,Stuart,searleyqq@amazon.com,407,2025-08-29T00:00:00.000Z,2025-08-29T00:00:00.000Z
964,Krystal,kellawayqr@imgur.com,415,2025-08-29T00:00:00.000Z,2025-08-29T00:00:00.000Z
965,Erica,eyegorevqs@theguardian.com,173,2025-08-29T00:00:00.000Z,2025-08-29T00:00:00.000Z
966,Leland,lnormabellqt@deliciousdays.com,183,2025-08-29T00:00:00.000Z,2025-08-29T00:00:00.000Z
967,Tamar,tgooderidgequ@typepad.com,207,2025-08-29T00:00:00.000Z,2025-08-29T00:00:00.000Z
968,Ferdinande,fcomelloqv@skype.com,41,2025-08-29T00:00:00.000Z,2025-08-29T00:00:00.000Z
969,Malcolm,mbrookfieldqw@cyberchimps.com,419,2025-08-29T00:00:00.000Z,2025-08-29T00:00:00.000Z
970,Cecilio,ctrimqx@umich.edu,356,2025-08-29T00:00:00.000Z,2025-08-29T00:00:00.000Z
971,Klement,kreedyhoughqy@indiegogo.com,279,2025-08-29T00:00:00.000Z,2025-08-29T00:00:00.000Z
972,Patricia,pblackeyqz@howstuffworks.com,56,2025-08-29T00:00:00.000Z,2025-08-29T00:00:00.000Z
973,Howard,hshewsmithr0@quantcast.com,183,2025-08-29T00:00:00.000Z,2025-08-29T00:00:00.000Z
974,Vladamir,vmulvihillr1@angelfire.com,38,2025-08-29T00:00:00.000Z,2025-08-29T00:00:00.000Z
975,Leonardo,ldalbyr2@lulu.com,474,2025-08-29T00:00:00.000Z,2025-08-29T00:00:00.000Z
976,Alaric,arojr3@webmd.com,130,2025-08-29T00:00:00.000Z,2025-08-29T00:00:00.000Z
977,Clifford,cdenkinr4@lulu.com,138,2025-08-29T00:00:00.000Z,2025-08-29T00:00:00.000Z
978,Michelle,mninnolir5@myspace.com,140,2025-08-29T00:00:00.000Z,2025-08-29T00:00:00.000Z
979,Alfie,agittingr6@ustream.tv,100,2025-08-29T00:00:00.000Z,2025-08-29T00:00:00.000Z
980,Malvina,mcromlyr7@facebook.com,77,2025-08-29T00:00:00.000Z,2025-08-29T00:00:00.000Z
981,Woodrow,wfolkesr8@constantcontact.com,341,2025-08-29T00:00:00.000Z,2025-08-29T00:00:00.000Z
982,Starr,seytelr9@si.edu,186,2025-08-29T00:00:00.000Z,2025-08-29T00:00:00.000Z
983,Heddie,hgrattonra@ebay.co.uk,187,2025-08-29T00:00:00.000Z,2025-08-29T00:00:00.000Z
984,Lorrie,lphearrb@imgur.com,224,2025-08-29T00:00:00.000Z,2025-08-29T00:00:00.000Z
985,Noellyn,ncreesrc@apple.com,325,2025-08-29T00:00:00.000Z,2025-08-29T00:00:00.000Z
986,Pearce,pfrakerd@mlb.com,499,2025-08-29T00:00:00.000Z,2025-08-29T00:00:00.000Z
987,Katherina,kklousnerre@booking.com,191,2025-08-29T00:00:00.000Z,2025-08-29T00:00:00.000Z
988,Penrod,pbockenrf@discuz.net,356,2025-08-29T00:00:00.000Z,2025-08-29T00:00:00.000Z
989,Padgett,pbarnardorg@blogspot.com,313,2025-08-29T00:00:00.000Z,2025-08-29T00:00:00.000Z
990,Minni,mliveingrh@state.tx.us,72,2025-08-29T00:00:00.000Z,2025-08-29T00:00:00.000Z
991,Roseanna,rfearonri@exblog.jp,224,2025-08-29T00:00:00.000Z,2025-08-29T00:00:00.000Z
992,Velvet,vbraileyrj@drupal.org,436,2025-08-29T00:00:00.000Z,2025-08-29T00:00:00.000Z
993,Hillard,hfeildenrk@is.gd,302,2025-08-29T00:00:00.000Z,2025-08-29T00:00:00.000Z
994,Wanda,wmagwoodrl@angelfire.com,243,2025-08-29T00:00:00.000Z,2025-08-29T00:00:00.000Z
995,Vyky,vmacredmondrm@psu.edu,328,2025-08-29T00:00:00.000Z,2025-08-29T00:00:00.000Z
996,Tana,tgrasrn@topsy.com,476,2025-08-29T00:00:00.000Z,2025-08-29T00:00:00.000Z
997,Idelle,inewhamro@1688.com,189,2025-08-29T00:00:00.000Z,2025-08-29T00:00:00.000Z
998,Averell,adillawayrp@walmart.com,282,2025-08-29T00:00:00.000Z,2025-08-29T00:00:00.000Z
999,Jackquelin,jflackrq@ebay.co.uk,138,2025-08-29T00:00:00.000Z,2025-08-29T00:00:00.000Z
1000,Maggie,mdumperrr@google.com.hk,70,2025-08-29T00:00:00.000Z,2025-08-29T00:00:00.000Z
