id,name,price,stock,created_at,updated_at
1,Organic Lentil Soup,65503.78,6356,8/29/2025,8/29/2025
2,Honey Sesame Chicken,69542.06,6728,8/29/2025,8/29/2025
3,Glass Water Bottle,198749.66,156,8/29/2025,8/29/2025
4,Sporty Leggings,173529.34,3524,8/29/2025,8/29/2025
5,Maple Almond Granola,4638.73,7424,8/29/2025,8/29/2025
6,Wireless Charging Station,81811.02,1731,8/29/2025,8/29/2025
7,Rain Jacket,74360.01,1889,8/29/2025,8/29/2025
8,Running Shorts,64353.6,5882,8/29/2025,8/29/2025
9,Bamboo Cutting Board Set,182517.3,7820,8/29/2025,8/29/2025
10,Peanut Butter Banana Smoothie,174311.52,982,8/29/2025,8/29/2025
11,Creamy Avocado Dip,181972.85,1945,8/29/2025,8/29/2025
12,Pasta Salad Kit,142976.83,3979,8/29/2025,8/29/2025
13,Chocolate Mint Thins,165956.87,6067,8/29/2025,8/29/2025
14,Solar Garden Lights,126005.05,916,8/29/2025,8/29/2025
15,Cajun Seasoning,1247.01,4138,8/29/2025,8/29/2025
16,Rolling Cooler,55180.67,717,8/29/2025,8/29/2025
17,Teriyaki Beef Jerky,46237.52,5213,8/29/2025,8/29/2025
18,Cucumber,167469.37,3267,8/29/2025,8/29/2025
19,Cinnamon Ice Cream,194413.07,8557,8/29/2025,8/29/2025
20,Cranberry Almond Granola,15699.94,4807,8/29/2025,8/29/2025
21,Classic Watch,120715.61,9881,8/29/2025,8/29/2025
22,Miso Dressing,147882.72,2245,8/29/2025,8/29/2025
23,BBQ Sauce,199582.87,8382,8/29/2025,8/29/2025
24,Pet Safety Harness,8567.9,8920,8/29/2025,8/29/2025
25,Garden Tool Set,151162.83,8696,8/29/2025,8/29/2025
26,Car Emergency Kit,17131.12,2892,8/29/2025,8/29/2025
27,Microfiber Cleaning Cloths,105693.66,8221,8/29/2025,8/29/2025
28,Garden Vegetable Soup,181489.43,784,8/29/2025,8/29/2025
29,Cotton Tote Bag Set,142488.83,1050,8/29/2025,8/29/2025
30,Classic Black Trousers,118182.52,4394,8/29/2025,8/29/2025
31,Gluten-Free Brownies,170013.07,925,8/29/2025,8/29/2025
32,Bluetooth Tracker,137217.84,4163,8/29/2025,8/29/2025
33,Creamy Avocado Dip,75196.11,2005,8/29/2025,8/29/2025
34,Silicone Baking Molds,93773.79,9110,8/29/2025,8/29/2025
35,Smart Light Switch,31780.75,316,8/29/2025,8/29/2025
36,Silicone Baking Mat,116480.95,2252,8/29/2025,8/29/2025
37,Natural Peanut Butter,186809.34,1056,8/29/2025,8/29/2025
38,Whipped Cream Cheese,9406.2,1392,8/29/2025,8/29/2025
39,Portable Refrigerator Freezer,9119.63,7628,8/29/2025,8/29/2025
40,Gardening Fairy Figurines,119335.73,936,8/29/2025,8/29/2025
41,Sliced Olives,29911.26,4578,8/29/2025,8/29/2025
42,Olive Oil,25038.72,2392,8/29/2025,8/29/2025
43,Pet Hair Remover,82892.35,9360,8/29/2025,8/29/2025
44,Lentil Soup,42053.83,2221,8/29/2025,8/29/2025
45,Pet Tracking Collar,43295.46,6065,8/29/2025,8/29/2025
46,Herbed Goat Cheese,68076.22,4922,8/29/2025,8/29/2025
47,Stylish Combat Boots,187642.71,3719,8/29/2025,8/29/2025
48,Oven Thermometer,78256.84,8408,8/29/2025,8/29/2025
49,Almond Flour Bread Mix,133586.24,5514,8/29/2025,8/29/2025
50,Classic Slim Fit Shirt,168956.05,5367,8/29/2025,8/29/2025
51,Heavy Duty Gardening Tool Set,40879.55,1763,8/29/2025,8/29/2025
52,Wireless Security System,130462.3,6791,8/29/2025,8/29/2025
53,Weighted Jump Rope with Counter,87209.18,9774,8/29/2025,8/29/2025
54,Portable Dog Water Bottle,170241.44,6117,8/29/2025,8/29/2025
55,Magnetic Whiteboard,198766.68,1911,8/29/2025,8/29/2025
56,Red Lentils,43960.24,7656,8/29/2025,8/29/2025
57,Caramelized Onion Dip,107067.77,1438,8/29/2025,8/29/2025
58,Beef Tacos,22634.34,4666,8/29/2025,8/29/2025
59,Portable Solar Path Lights,6901.13,6646,8/29/2025,8/29/2025
60,Garlic Naan Bread,7637.28,7151,8/29/2025,8/29/2025
61,Honey Nut Cheerios,43364.89,5900,8/29/2025,8/29/2025
62,Magnetic Whiteboard,79536.46,1517,8/29/2025,8/29/2025
63,Organic Tomato Ketchup,65677.69,5407,8/29/2025,8/29/2025
64,Fishing Rod,122916.65,1263,8/29/2025,8/29/2025
65,Coconut Lime Rice,35720.15,1145,8/29/2025,8/29/2025
66,Kettle BBQ Grill,48246.02,3211,8/29/2025,8/29/2025
67,Chocolate Almond Milk,157953.24,488,8/29/2025,8/29/2025
68,Window Bird Feeder,197366.45,9650,8/29/2025,8/29/2025
69,Vegetable Medley,148150.38,2714,8/29/2025,8/29/2025
70,Outdoor Inflatable Pool,43075.3,4888,8/29/2025,8/29/2025
71,Leather Biker Jacket,38664.39,4550,8/29/2025,8/29/2025
72,Pressure Cooker,159057.28,8300,8/29/2025,8/29/2025
73,Customizable Name Puzzle,125096.25,2951,8/29/2025,8/29/2025
74,Nutty Quinoa Salad,109544.11,2512,8/29/2025,8/29/2025
75,Professional Chef Knife,112105.82,1407,8/29/2025,8/29/2025
76,Handmade Soap Making Kit,186969.75,396,8/29/2025,8/29/2025
77,Lemon Herb Grilled Chicken,88087.24,333,8/29/2025,8/29/2025
78,Rechargeable Hand Warmer,30511.39,84,8/29/2025,8/29/2025
79,Himalayan Salt Grinder,166808.87,4718,8/29/2025,8/29/2025
80,Dish Rack,21653.95,7782,8/29/2025,8/29/2025
81,Ice Cube Tray with Lid,173076.02,9315,8/29/2025,8/29/2025
82,Stylish Combat Boots,43258.06,761,8/29/2025,8/29/2025
83,Portable Ice Maker,170569.05,661,8/29/2025,8/29/2025
84,Electric Nail File Kit,58361.17,706,8/29/2025,8/29/2025
85,Cilantro Lime Rice,44179.39,8536,8/29/2025,8/29/2025
86,Portable Electric Fan,61295.79,4448,8/29/2025,8/29/2025
87,Set of Herb Garden Markers,30181.78,3622,8/29/2025,8/29/2025
88,Fashionable Belt Bag,18673.71,7135,8/29/2025,8/29/2025
89,Organic Spinach,156871.88,8478,8/29/2025,8/29/2025
90,Whole Wheat Bread,185541.4,6388,8/29/2025,8/29/2025
91,Wireless Smart Plug,1586.48,1156,8/29/2025,8/29/2025
92,Luxury Memory Foam Mattress Topper,51256.0,9493,8/29/2025,8/29/2025
93,Sweet Chili Dipping Sauce,77539.75,1428,8/29/2025,8/29/2025
94,Beard Grooming Kit,78505.19,6409,8/29/2025,8/29/2025
95,Baking Powder,108602.26,3507,8/29/2025,8/29/2025
96,Travel Shoe Bags Set,38792.94,1616,8/29/2025,8/29/2025
97,Stainless Steel Straws,110515.52,1025,8/29/2025,8/29/2025
98,Ricotta Cheese,130081.06,2338,8/29/2025,8/29/2025
99,Vegetable Korma,181854.71,519,8/29/2025,8/29/2025
100,Coffee Grinder,21824.53,9011,8/29/2025,8/29/2025
101,Vegan chocolate chip cookies,134650.76,469,8/29/2025,8/29/2025
102,Portable Dog Water Bottle,64359.24,5320,8/29/2025,8/29/2025
103,Chocolate Hazelnut Spread,59663.05,6265,8/29/2025,8/29/2025
104,Eco-Friendly Stainless Steel Straws,140287.36,1001,8/29/2025,8/29/2025
105,Red Lentils,127566.62,2107,8/29/2025,8/29/2025
106,Pineapple Salsa,82709.16,1016,8/29/2025,8/29/2025
107,Carrot Sticks,181599.8,2133,8/29/2025,8/29/2025
108,Ceramic Non-Stick Frying Pan,194301.48,7607,8/29/2025,8/29/2025
109,Compost Bin,136118.87,6449,8/29/2025,8/29/2025
110,Stainless Steel Grater,37608.39,8853,8/29/2025,8/29/2025
111,Chili Powder,132103.16,5938,8/29/2025,8/29/2025
112,Adjustable Stand for Tablets and Smartphones,32628.5,2361,8/29/2025,8/29/2025
113,Portable Solar Charger,41265.42,5556,8/29/2025,8/29/2025
114,Cranberry Almond Biscotti,10994.23,4274,8/29/2025,8/29/2025
115,Spaghetti Sauce,74027.02,2282,8/29/2025,8/29/2025
116,Car Vacuum Cleaner,58677.57,4961,8/29/2025,8/29/2025
117,Zesty Garlic Hummus,30252.52,6480,8/29/2025,8/29/2025
118,Non-Stick Baking Sheet,168484.49,6466,8/29/2025,8/29/2025
119,Fitness Mat,108598.89,7899,8/29/2025,8/29/2025
120,Sweet Potatoes (organic),11935.47,1624,8/29/2025,8/29/2025
121,Apple Juice,110839.7,4744,8/29/2025,8/29/2025
122,Coconut Flakes,19238.31,110,8/29/2025,8/29/2025
123,Maple Pecan Oatmeal Cookies,30935.62,2841,8/29/2025,8/29/2025
124,Waterproof Rain Boots,107727.85,3756,8/29/2025,8/29/2025
125,Herbed Couscous,1260.11,6300,8/29/2025,8/29/2025
126,Body Pillow Case,117731.08,5063,8/29/2025,8/29/2025
127,Smartphone Car Mount with Wireless Charging,192441.0,5595,8/29/2025,8/29/2025
128,Electric Ice Cream Maker,54717.66,5829,8/29/2025,8/29/2025
129,Nut Butter Cups,60460.31,1438,8/29/2025,8/29/2025
130,Peanut Butter Protein Balls,80182.02,5222,8/29/2025,8/29/2025
131,Oven Mitts,183602.79,1317,8/29/2025,8/29/2025
132,Whole Grain Cereal,7496.95,9916,8/29/2025,8/29/2025
133,Camping Chair,186241.11,1080,8/29/2025,8/29/2025
134,Veggie Lovers Pizza,31318.74,5608,8/29/2025,8/29/2025
135,Wrap Jumpsuit,11790.23,7489,8/29/2025,8/29/2025
136,Blue Corn Tortilla Chips,160042.9,5093,8/29/2025,8/29/2025
137,Chili Lime Seasoning,112110.06,4597,8/29/2025,8/29/2025
138,Digital Thermostat,101099.09,6011,8/29/2025,8/29/2025
139,Motorcycle Phone Mount,54266.13,7822,8/29/2025,8/29/2025
140,Turmeric Ginger Tea,86356.61,6088,8/29/2025,8/29/2025
141,Peach & Mango Salsa,198161.65,7070,8/29/2025,8/29/2025
142,Buffalo Wing Sauce,125969.58,1296,8/29/2025,8/29/2025
143,Organic Blueberries,71197.36,3292,8/29/2025,8/29/2025
144,Memory Foam Mattress Pad,15663.04,7264,8/29/2025,8/29/2025
145,Garlic Herb Grilled Chicken,190533.5,5935,8/29/2025,8/29/2025
146,Instant Mashed Potatoes,198312.69,2033,8/29/2025,8/29/2025
147,Air Mattress,59956.96,4132,8/29/2025,8/29/2025
148,Almond Butter Granola Bars,170850.25,2023,8/29/2025,8/29/2025
149,Smartphone Projector Kit,127754.61,1934,8/29/2025,8/29/2025
150,Halloween Decoration Set,106801.93,8928,8/29/2025,8/29/2025
151,Smart Fitness Scale,158132.41,3744,8/29/2025,8/29/2025
152,Noise-Canceling Headphones,47674.96,7186,8/29/2025,8/29/2025
153,Pecan Nuts,99075.78,3844,8/29/2025,8/29/2025
154,LED Strip Light Kit,109829.45,2843,8/29/2025,8/29/2025
155,Beef Taco Skillet,155358.18,686,8/29/2025,8/29/2025
156,Foldable Picnic Table,189513.76,3590,8/29/2025,8/29/2025
157,Electric Stir Fry Pan,113995.42,7018,8/29/2025,8/29/2025
158,Comfortable Bed Pillow,164921.81,6270,8/29/2025,8/29/2025
159,Vegetable Sushi Rolls,155195.48,8419,8/29/2025,8/29/2025
160,Sunflower Seeds,78286.87,5599,8/29/2025,8/29/2025
161,Frozen Berry Blend,145800.74,9584,8/29/2025,8/29/2025
162,Two-Tier Fruit Basket,28685.11,3942,8/29/2025,8/29/2025
163,Spinach and Cheese Quiche,150992.08,8564,8/29/2025,8/29/2025
164,Mini Cordless Vacuum Cleaner,150122.04,6942,8/29/2025,8/29/2025
165,Sunglasses Case,829.6,4847,8/29/2025,8/29/2025
166,Rustic Italian Bread,92704.31,4847,8/29/2025,8/29/2025
167,LED Christmas Lights,82528.28,378,8/29/2025,8/29/2025
168,Pasta Portion Control Measure,152865.14,7062,8/29/2025,8/29/2025
169,Fitness Smartwatch,175216.52,9715,8/29/2025,8/29/2025
170,Thai Peanut Dressing,27438.72,9402,8/29/2025,8/29/2025
171,Compact Hair Dryer,25930.15,8327,8/29/2025,8/29/2025
172,Lentil Vegetable Curry,150480.63,8429,8/29/2025,8/29/2025
173,Collapsible Pet Dog Bowl,168265.95,363,8/29/2025,8/29/2025
174,Sporty Leggings,87238.46,3359,8/29/2025,8/29/2025
175,Blackberry Compote,156214.23,258,8/29/2025,8/29/2025
176,Granola Clusters,8726.65,4655,8/29/2025,8/29/2025
177,Warm Wool Sweater,63942.35,6489,8/29/2025,8/29/2025
178,Miso Soup Mix,170066.52,1040,8/29/2025,8/29/2025
179,Slingback Sandals,89559.74,366,8/29/2025,8/29/2025
180,Oven-Baked Cheese Crisps,99698.27,305,8/29/2025,8/29/2025
181,Frozen Berry Blend,141185.97,1924,8/29/2025,8/29/2025
182,Coconut Lime Rice,68666.22,964,8/29/2025,8/29/2025
183,Scented Soy Candles,103971.11,5220,8/29/2025,8/29/2025
184,A-Line Skirt,10970.3,2865,8/29/2025,8/29/2025
185,Peach Mango Smoothie Mix,157475.01,7207,8/29/2025,8/29/2025
186,Instant Read Meat Thermometer,74121.58,1254,8/29/2025,8/29/2025
187,Organic Quinoa,188779.57,126,8/29/2025,8/29/2025
188,Sliced Bread,10057.83,296,8/29/2025,8/29/2025
189,Pet Carrier Backpack,99698.23,4307,8/29/2025,8/29/2025
190,Honey Garlic Chicken,34790.27,7704,8/29/2025,8/29/2025
191,Frozen Vegetarian Pizza,96216.23,8345,8/29/2025,8/29/2025
192,Basil Lemonade,12361.07,1196,8/29/2025,8/29/2025
193,Artisan Flatbreads,96189.94,9818,8/29/2025,8/29/2025
194,Personal Blender with Travel Cup,22521.27,7783,8/29/2025,8/29/2025
195,Kids' Outdoor Explorer Kit,24838.27,9279,8/29/2025,8/29/2025
196,Faux Fur Coat,61091.29,4821,8/29/2025,8/29/2025
197,Frozen Fruit Medley,42750.21,1793,8/29/2025,8/29/2025
198,Honey Almond Granola Bars,179007.08,6373,8/29/2025,8/29/2025
199,Dark Chocolate Covered Almonds,38832.02,1401,8/29/2025,8/29/2025
200,Recipe Book Stand,146283.13,5841,8/29/2025,8/29/2025
201,Decorative Throw Pillows,117653.45,907,8/29/2025,8/29/2025
202,Educational STEM Kit,160564.75,526,8/29/2025,8/29/2025
203,Portable Jump Starter,29765.2,3161,8/29/2025,8/29/2025
204,Basil Lemonade,471.33,4073,8/29/2025,8/29/2025
205,Waffle Maker,75282.46,3286,8/29/2025,8/29/2025
206,Magnetic Spice Containers,269.03,7467,8/29/2025,8/29/2025
207,Customizable Name Plate,113820.54,3720,8/29/2025,8/29/2025
208,Party Mini Dress,79688.1,8208,8/29/2025,8/29/2025
209,Watercolor Set,42435.43,5266,8/29/2025,8/29/2025
210,Aged White Cheddar Popcorn,187597.36,9698,8/29/2025,8/29/2025
211,Frozen Berry Blend,23290.73,8123,8/29/2025,8/29/2025
212,Window Bird Feeder,139113.82,5841,8/29/2025,8/29/2025
213,Green Tea Matcha Powder,9752.56,1282,8/29/2025,8/29/2025
214,Chili Lime Seasoning,42198.88,3471,8/29/2025,8/29/2025
215,Electric Pressure Washer,64695.79,6612,8/29/2025,8/29/2025
216,Indian Curry Sauce,64594.7,7055,8/29/2025,8/29/2025
217,Dark Chocolate Tart,170020.33,8078,8/29/2025,8/29/2025
218,Bamboo Cotton Tank Top,2163.21,1346,8/29/2025,8/29/2025
219,Digital Camera,17644.89,2765,8/29/2025,8/29/2025
220,Almond Butter Crunch Bar,90878.39,2861,8/29/2025,8/29/2025
221,Fashionable Belt Bag,38940.28,8980,8/29/2025,8/29/2025
222,Asian Stir-Fry Vegetables,166122.11,4418,8/29/2025,8/29/2025
223,Spinach and Ricotta Ravioli,89804.7,9699,8/29/2025,8/29/2025
224,Chipotle Sauce,105467.25,7254,8/29/2025,8/29/2025
225,Kale Salad Kit,70355.46,5605,8/29/2025,8/29/2025
226,Breezy Off-The-Shoulder Top,118664.87,1719,8/29/2025,8/29/2025
227,Personal Blender with Cups,85477.07,9683,8/29/2025,8/29/2025
228,Wireless Earbuds Case,193376.73,6755,8/29/2025,8/29/2025
229,Kids' STEM Robotics Kit,92197.17,810,8/29/2025,8/29/2025
230,Electric Kettle,19350.18,23,8/29/2025,8/29/2025
231,Non-Stick Grill Pan,181434.82,5556,8/29/2025,8/29/2025
232,Almond Coconut Granola,129395.37,7674,8/29/2025,8/29/2025
233,Dish Rack,123101.74,8028,8/29/2025,8/29/2025
234,Peanut Butter Banana Smoothie,68200.06,8379,8/29/2025,8/29/2025
235,Harvest Grain Salad,65570.61,7409,8/29/2025,8/29/2025
236,Biodegradable Trash Bags,56629.82,483,8/29/2025,8/29/2025
237,Chopping Board,59137.39,2946,8/29/2025,8/29/2025
238,Mini Indoor Herb Garden Kit,167272.79,5586,8/29/2025,8/29/2025
239,Pear and Gorgonzola Salad,159058.53,3184,8/29/2025,8/29/2025
240,Fitness Resistance Bands,150962.42,8145,8/29/2025,8/29/2025
241,Fitness Jump Rope with LCD Counter,96126.74,5128,8/29/2025,8/29/2025
242,Apple Cinnamon Instant Oatmeal,194541.12,7616,8/29/2025,8/29/2025
243,Kettle Chip Variety Pack,179595.09,3128,8/29/2025,8/29/2025
244,Jump Rope with Counter,130946.26,1076,8/29/2025,8/29/2025
245,Children's Educational Puzzle,191073.16,6315,8/29/2025,8/29/2025
246,Spiralizer,61661.93,9493,8/29/2025,8/29/2025
247,Cinnamon Sugar Popcorn,99878.79,4827,8/29/2025,8/29/2025
248,Pineapple Chunks (canned),78999.51,326,8/29/2025,8/29/2025
249,Balsamic Fig Dressing,175092.08,4081,8/29/2025,8/29/2025
250,Comfortable Jogger Pants,134315.48,8939,8/29/2025,8/29/2025
251,Chipotle Seasoning Blend,186749.72,8217,8/29/2025,8/29/2025
252,Dark Chocolate Almond Butter Cups,1226.84,9105,8/29/2025,8/29/2025
253,Zesty Cilantro Lime Dressing,133430.67,3934,8/29/2025,8/29/2025
254,Car Phone Mount,146369.1,1930,8/29/2025,8/29/2025
255,Sweetened Condensed Milk,153470.74,4071,8/29/2025,8/29/2025
256,Ramen Noodle Soup Cups,71805.4,4710,8/29/2025,8/29/2025
257,Survival Gear Kit,65694.59,669,8/29/2025,8/29/2025
258,Cranberry Citrus Sauce,20755.38,4978,8/29/2025,8/29/2025
259,Fitness Tracker Band,84427.93,1666,8/29/2025,8/29/2025
260,Photo Album,145315.0,2976,8/29/2025,8/29/2025
261,Gardening Gloves,129093.78,9307,8/29/2025,8/29/2025
262,Lasagna Noodles,56203.72,4229,8/29/2025,8/29/2025
263,Californian Raisins,30956.71,1350,8/29/2025,8/29/2025
264,Wireless Gaming Headset,144023.0,25,8/29/2025,8/29/2025
265,Heated Throw Blanket,12025.34,9380,8/29/2025,8/29/2025
266,Chickpea Salad,143864.51,9408,8/29/2025,8/29/2025
267,Deluxe First Aid Kit,170020.35,3345,8/29/2025,8/29/2025
268,Digital Wireless Camera,177162.7,44,8/29/2025,8/29/2025
269,Classic Cheeseburger Mix,9328.13,6841,8/29/2025,8/29/2025
270,V-Neck Sweater,65328.39,3952,8/29/2025,8/29/2025
271,Coconut Milk,100270.8,3798,8/29/2025,8/29/2025
272,Shoe Organizer,40161.18,7644,8/29/2025,8/29/2025
273,Smartphone Camera Lens Kit,58059.29,586,8/29/2025,8/29/2025
274,Toilet Paper (12 rolls),101090.9,3515,8/29/2025,8/29/2025
275,Home Karaoke System,4551.72,428,8/29/2025,8/29/2025
276,Travel Pillow with Memory Foam,76951.13,3828,8/29/2025,8/29/2025
277,Almond Butter Cookies,140086.7,4554,8/29/2025,8/29/2025
278,Spicy Chicken Wings,50222.52,9414,8/29/2025,8/29/2025
279,Italian Herbal Seasoning,146776.89,3631,8/29/2025,8/29/2025
280,Compressed Towel Tablets,129641.63,3726,8/29/2025,8/29/2025
281,Coloring Books for Adults,9694.92,8711,8/29/2025,8/29/2025
282,Homestyle Chicken Noodle Soup,52818.11,2129,8/29/2025,8/29/2025
283,Solar Power Bank,41188.43,9451,8/29/2025,8/29/2025
284,Energy Bites,26247.25,3155,8/29/2025,8/29/2025
285,Oversized Denim Shirt,118846.79,419,8/29/2025,8/29/2025
286,Magnetic Phone Case,110678.6,696,8/29/2025,8/29/2025
287,Electric Heat Press Machine,110678.27,7717,8/29/2025,8/29/2025
288,Mango Chutney,196849.83,9528,8/29/2025,8/29/2025
289,Ripped Boyfriend Jeans,32806.94,3027,8/29/2025,8/29/2025
290,Sweet Chili Thai Sauce,68853.22,7975,8/29/2025,8/29/2025
291,Garden Hose,69072.72,4571,8/29/2025,8/29/2025
292,Vegetable Stir-Fry Sauce,9950.82,9391,8/29/2025,8/29/2025
293,Smart Home Hub,91407.77,3832,8/29/2025,8/29/2025
294,Organic Almonds,146889.51,4626,8/29/2025,8/29/2025
295,Chickpea Flour,174348.18,2502,8/29/2025,8/29/2025
296,Strawberry Banana Smoothie Pack,167464.56,3400,8/29/2025,8/29/2025
297,Cinnamon Rolls,179488.19,955,8/29/2025,8/29/2025
298,Chocolate Chip Cliff Bars,87337.92,7777,8/29/2025,8/29/2025
299,Flavored Instant Oatmeal,83664.59,2457,8/29/2025,8/29/2025
300,Organic Quinoa,98298.64,1209,8/29/2025,8/29/2025
301,Classic BBQ Sauce,166019.07,9708,8/29/2025,8/29/2025
302,Outdoor Mosquito Repellent Lantern,51433.69,2060,8/29/2025,8/29/2025
303,Falafel Mix,110604.25,515,8/29/2025,8/29/2025
304,Cordless Water Flosser,181202.82,8626,8/29/2025,8/29/2025
305,Artisan Bread,54241.49,2264,8/29/2025,8/29/2025
306,Grilled Vegetable Medley,30698.67,3270,8/29/2025,8/29/2025
307,Baking Soda,42032.86,5562,8/29/2025,8/29/2025
308,Compact Hair Dryer,184154.19,5699,8/29/2025,8/29/2025
309,Vegetable Medley,6598.11,8671,8/29/2025,8/29/2025
310,Oven Thermometer,176603.07,7242,8/29/2025,8/29/2025
311,Garlic Breadsticks,109918.08,3248,8/29/2025,8/29/2025
312,Apple Cinnamon Oatmeal,16451.75,4745,8/29/2025,8/29/2025
313,Frozen Salmon Filets,45264.54,1052,8/29/2025,8/29/2025
314,Mini Fondue Set,16510.23,2596,8/29/2025,8/29/2025
315,Avocados,193859.47,7538,8/29/2025,8/29/2025
316,Karaoke Microphone,171170.55,323,8/29/2025,8/29/2025
317,Whole Chicken,89334.1,6016,8/29/2025,8/29/2025
318,Outdoor Mosquito Repellent Lantern,21046.14,9880,8/29/2025,8/29/2025
319,Almond Butter Crunch Bar,24879.65,2314,8/29/2025,8/29/2025
320,Smoked Paprika Chicken Thighs,156433.04,2360,8/29/2025,8/29/2025
321,Car Windshield Sun Shade,74533.74,8790,8/29/2025,8/29/2025
322,Roasted Chickpeas,96384.24,5135,8/29/2025,8/29/2025
323,Solar Power Bank,125637.21,5281,8/29/2025,8/29/2025
324,Pumpkin Spice Creamer,64408.65,968,8/29/2025,8/29/2025
325,Insulated Lunch Box,84888.03,7114,8/29/2025,8/29/2025
326,Almond Butter Granola Bars,158057.19,1997,8/29/2025,8/29/2025
327,Adjustable Standing Desk,102456.6,8491,8/29/2025,8/29/2025
328,Chocolate Chip Energy Balls,4125.15,5375,8/29/2025,8/29/2025
329,Weighted Blanket for Adults,5723.65,9347,8/29/2025,8/29/2025
330,Smartphone Camera Lens Kit,147501.69,5457,8/29/2025,8/29/2025
331,Greek Yogurt,136194.03,6101,8/29/2025,8/29/2025
332,Mayonnaise,47856.97,4171,8/29/2025,8/29/2025
333,Weighted Blanket for Adults,190681.88,2617,8/29/2025,8/29/2025
334,Wall-Mounted Organizer,96635.88,6778,8/29/2025,8/29/2025
335,Honeycrisp Apple Chips,141807.58,8983,8/29/2025,8/29/2025
336,Pet Grooming Brush,127722.8,6749,8/29/2025,8/29/2025
337,Organic Coconut Flakes,149630.77,5560,8/29/2025,8/29/2025
338,Fitness Activity Journal,168375.23,1273,8/29/2025,8/29/2025
339,Noise-Canceling Headphones,74604.48,6107,8/29/2025,8/29/2025
340,Asian Stir-Fry Vegetables,150764.34,3565,8/29/2025,8/29/2025
341,Ultra-Thin Laptop Sleeve,91485.26,9597,8/29/2025,8/29/2025
342,Decorative LED Neon Sign,112047.48,1826,8/29/2025,8/29/2025
343,Vintage Button-Down Shirt,48629.72,7104,8/29/2025,8/29/2025
344,Travel Jewelry Organizer,112025.52,3302,8/29/2025,8/29/2025
345,Sliced Avocado,77817.37,495,8/29/2025,8/29/2025
346,Creamy Garlic Mashed Potatoes,150553.4,5704,8/29/2025,8/29/2025
347,DIY Candle Making Kit,64216.11,8407,8/29/2025,8/29/2025
348,Quinoa and Kale Salad Kit,103683.94,6729,8/29/2025,8/29/2025
349,Animal Paw Print Soap Dispenser,85583.51,8876,8/29/2025,8/29/2025
350,Multifunctional Pocket Tool,142881.29,8548,8/29/2025,8/29/2025
351,Classic Minestrone Soup,16545.09,928,8/29/2025,8/29/2025
352,LED Christmas Tree Lights,57692.89,582,8/29/2025,8/29/2025
353,Herbal Tea Infuser,35143.59,8975,8/29/2025,8/29/2025
354,Peanut Butter,60691.72,8666,8/29/2025,8/29/2025
355,Tea Infuser,86150.65,5272,8/29/2025,8/29/2025
356,Silicone Stretch Lids,26113.82,8113,8/29/2025,8/29/2025
357,Adjustable Pet Feeder,89451.77,6113,8/29/2025,8/29/2025
358,Heavy Duty Gardening Tool Set,66369.37,8399,8/29/2025,8/29/2025
359,Knitted Infinity Scarf,194065.38,6687,8/29/2025,8/29/2025
360,Vegetable Chips,117094.34,9081,8/29/2025,8/29/2025
361,Dual Function Electric Skillet,124804.37,6695,8/29/2025,8/29/2025
362,Vegetable Curry,65880.81,7117,8/29/2025,8/29/2025
363,Dog Car Seat Cover,88108.38,7060,8/29/2025,8/29/2025
364,Beef Tacos,159665.36,4889,8/29/2025,8/29/2025
365,Whole Roasted Chicken,64398.09,2131,8/29/2025,8/29/2025
366,Miso Soup Mix,138280.92,1121,8/29/2025,8/29/2025
367,Handmade Wooden Utensil Set,39432.49,7767,8/29/2025,8/29/2025
368,Pesto Pasta Salad,18091.06,1567,8/29/2025,8/29/2025
369,Safety First Aid Kit,28992.77,6807,8/29/2025,8/29/2025
370,Compact Digital Camera,188436.09,2562,8/29/2025,8/29/2025
371,Microfiber Cleaning Cloths,106135.11,5217,8/29/2025,8/29/2025
372,Pomegranate Juice,110791.12,1981,8/29/2025,8/29/2025
373,Pesto Pasta Salad,88417.77,5021,8/29/2025,8/29/2025
374,Adjustable Yoga Mat Strap,167019.99,6992,8/29/2025,8/29/2025
375,Beef Stew Meat,148412.47,2775,8/29/2025,8/29/2025
376,Wireless Music Receiver,100141.1,4562,8/29/2025,8/29/2025
377,Apple Cinnamon Granola,74559.4,2782,8/29/2025,8/29/2025
378,Tuscan Bean Soup,54037.44,284,8/29/2025,8/29/2025
379,Fitness Tracker,13825.63,4748,8/29/2025,8/29/2025
380,Chicken Breasts,135693.64,8471,8/29/2025,8/29/2025
381,Tahini,27524.92,9583,8/29/2025,8/29/2025
382,Cucumber Lime Sparkling Water,103709.31,2740,8/29/2025,8/29/2025
383,Garlic and Herb Rub,161163.23,345,8/29/2025,8/29/2025
384,Vegetable Potstickers,111471.03,2753,8/29/2025,8/29/2025
385,Smart Wi-Fi Light Bulbs,55799.87,1497,8/29/2025,8/29/2025
386,Smart Thermos,87533.26,8641,8/29/2025,8/29/2025
387,Honey Roasted Peanuts,156834.7,1627,8/29/2025,8/29/2025
388,Adjustable Skipping Rope,116049.53,9345,8/29/2025,8/29/2025
389,Pineapple Coconut Yogurt,197988.06,2564,8/29/2025,8/29/2025
390,Tuscan Bean Soup,118439.39,2019,8/29/2025,8/29/2025
391,Sour Cream,181077.15,6583,8/29/2025,8/29/2025
392,Personalized Keychain,76645.62,9692,8/29/2025,8/29/2025
393,Smart Air Purifier,30050.61,3744,8/29/2025,8/29/2025
394,Fishing Rod,60732.36,175,8/29/2025,8/29/2025
395,Honey Butter Popcorn,93806.77,9173,8/29/2025,8/29/2025
396,Andouille Sausage,124088.92,8880,8/29/2025,8/29/2025
397,Berries Medley,164579.3,4947,8/29/2025,8/29/2025
398,Vegetable Samosas,160329.83,7836,8/29/2025,8/29/2025
399,Mini Air Hockey Table,128947.19,7082,8/29/2025,8/29/2025
400,Cilantro Lime Rice,6481.04,196,8/29/2025,8/29/2025
401,Electric Heat Press Machine,111902.62,9656,8/29/2025,8/29/2025
402,Lightweight Travel Backpack,127354.6,8541,8/29/2025,8/29/2025
403,Foot Massager,164363.29,6665,8/29/2025,8/29/2025
404,Pesto Pasta Sauce,89256.26,3586,8/29/2025,8/29/2025
405,Coconut Lime Rice,34861.45,2808,8/29/2025,8/29/2025
406,Herb Garden Planter Box,160723.26,8628,8/29/2025,8/29/2025
407,Solar Charger,159956.52,1806,8/29/2025,8/29/2025
408,Coconut Cream Pie,152173.42,4164,8/29/2025,8/29/2025
409,Coconut Cream Pie Yogurt,101233.49,5697,8/29/2025,8/29/2025
410,Frozen Chicken Nuggets,147873.31,9607,8/29/2025,8/29/2025
411,Yoga Mat Carrier,152109.42,6787,8/29/2025,8/29/2025
412,Whole Wheat Pita Bread,124568.03,7651,8/29/2025,8/29/2025
413,Nutty Trail Mix,110440.97,4520,8/29/2025,8/29/2025
414,Savory Oats,87342.35,293,8/29/2025,8/29/2025
415,Spinach Pizza Rolls,23984.19,7299,8/29/2025,8/29/2025
416,Feta Cheese Crumbles,163059.95,8213,8/29/2025,8/29/2025
417,Ground Turkey,3464.09,194,8/29/2025,8/29/2025
418,Apple Cinnamon Instant Oatmeal,96015.82,836,8/29/2025,8/29/2025
419,Fitness Balance Ball,95612.26,633,8/29/2025,8/29/2025
420,Hibiscus Tea Bags,3067.3,9247,8/29/2025,8/29/2025
421,USB Flash Drive,148215.35,297,8/29/2025,8/29/2025
422,Garlic & Herb Goat Cheese,53402.3,9637,8/29/2025,8/29/2025
423,Self-Massaging Pillow,133061.72,458,8/29/2025,8/29/2025
424,Durable Hiking Boots,147037.94,6433,8/29/2025,8/29/2025
425,Adjustable Yoga Mat Strap,189827.22,6592,8/29/2025,8/29/2025
426,Fire Roasted Salsa,14340.83,9234,8/29/2025,8/29/2025
427,Quinoa & Black Bean Salad,171229.43,9450,8/29/2025,8/29/2025
428,Tuscan Bean Soup,155900.44,1605,8/29/2025,8/29/2025
429,Almond Joy Snack Bars,195502.08,8248,8/29/2025,8/29/2025
430,Sourdough Bread,194752.89,4216,8/29/2025,8/29/2025
431,Tailored Dress Pants,145292.83,320,8/29/2025,8/29/2025
432,Indoor Grill,96595.77,4306,8/29/2025,8/29/2025
433,Dog Collar,175596.93,2155,8/29/2025,8/29/2025
434,Smartphone Gimbal,49559.99,9964,8/29/2025,8/29/2025
435,Foam Roller for Muscle Recovery,191494.15,6285,8/29/2025,8/29/2025
436,Sous Vide Cooker,135485.1,548,8/29/2025,8/29/2025
437,Mini Hand Gesture Drone,40244.11,2719,8/29/2025,8/29/2025
438,Fridge Magnet Set,53839.29,6153,8/29/2025,8/29/2025
439,Fitness Jump Rope with LCD Counter,199769.24,6877,8/29/2025,8/29/2025
440,Handmade Wooden Utensil Set,13128.0,2801,8/29/2025,8/29/2025
441,Magic Color-Changing Mug,50485.57,6128,8/29/2025,8/29/2025
442,Organic Whole Grain Oats,4141.27,1275,8/29/2025,8/29/2025
443,Nut Butter Cups,116432.34,794,8/29/2025,8/29/2025
444,Sriracha Sauce,3820.88,6263,8/29/2025,8/29/2025
445,Coconut Curry Lentil Soup,186152.41,9900,8/29/2025,8/29/2025
446,Compact Portable Grill,7493.77,7008,8/29/2025,8/29/2025
447,Electric Toothbrush,13814.73,109,8/29/2025,8/29/2025
448,Bike Helmet,101526.95,5286,8/29/2025,8/29/2025
449,USB Wall Charger,38746.53,1485,8/29/2025,8/29/2025
450,Pet Leash,45288.88,8486,8/29/2025,8/29/2025
451,Laptop Stand,50323.38,99,8/29/2025,8/29/2025
452,Mechanical Keyboard,80326.06,2767,8/29/2025,8/29/2025
453,Cranberry Pecan Granola,104888.81,4479,8/29/2025,8/29/2025
454,Aeropress Coffee Maker,80791.97,77,8/29/2025,8/29/2025
455,Honey mustard chicken tenders,70912.63,6291,8/29/2025,8/29/2025
456,Kitchen Knife Sharpening System,9155.88,6681,8/29/2025,8/29/2025
457,Smoked Gouda Cheese,110676.4,2110,8/29/2025,8/29/2025
458,Linen Trousers,136021.48,2700,8/29/2025,8/29/2025
459,Leather Crossbody Bag,97828.52,356,8/29/2025,8/29/2025
460,Car Phone Mount,70537.51,8558,8/29/2025,8/29/2025
461,Wireless HDMI Receiver,177895.05,4639,8/29/2025,8/29/2025
462,Over-the-Door Hooks,179084.07,2465,8/29/2025,8/29/2025
463,Electric Toothbrush Holder,45927.23,3722,8/29/2025,8/29/2025
464,Self-Watering Planter,120110.56,7237,8/29/2025,8/29/2025
465,Grilled Vegetable Medley,105984.11,1150,8/29/2025,8/29/2025
466,Vegetable Pizza Rolls,150139.26,7381,8/29/2025,8/29/2025
467,Adjustable Skipping Rope,185376.04,4173,8/29/2025,8/29/2025
468,Cauliflower Pizza Crust,61990.23,2938,8/29/2025,8/29/2025
469,Veggie Chips Variety Pack,24464.97,9548,8/29/2025,8/29/2025
470,Herbed Goat Cheese,97072.4,6022,8/29/2025,8/29/2025
471,Mushroom Soup (canned),69986.68,3976,8/29/2025,8/29/2025
472,Chino Shorts,182532.41,9801,8/29/2025,8/29/2025
473,Cinnamon Sugar Mix,118844.75,5745,8/29/2025,8/29/2025
474,Cucumber,4797.5,8735,8/29/2025,8/29/2025
475,Avocado Lime Dressing,65326.95,219,8/29/2025,8/29/2025
476,LED Desk Lamp with USB Charging,181878.44,8649,8/29/2025,8/29/2025
477,Vegan Cheese,27887.43,1496,8/29/2025,8/29/2025
478,Portable Bluetooth Keyboard,109114.12,9728,8/29/2025,8/29/2025
479,Vegetable Medley,125888.33,9971,8/29/2025,8/29/2025
480,Matcha Green Tea Powder,133703.89,8173,8/29/2025,8/29/2025
481,Trail Mix (Deluxe),158990.62,9438,8/29/2025,8/29/2025
482,Overnight Hiking Backpack,156603.26,7423,8/29/2025,8/29/2025
483,Organic Almond Flour,198285.04,5000,8/29/2025,8/29/2025
484,Chocolate Chip Muffins,163369.48,9947,8/29/2025,8/29/2025
485,Phone Screen Protector,188466.18,5465,8/29/2025,8/29/2025
486,Sweet BBQ Dipping Sauce,157563.25,7594,8/29/2025,8/29/2025
487,Jigsaw Puzzle,158300.91,8456,8/29/2025,8/29/2025
488,Pretzel Bites,179138.67,3035,8/29/2025,8/29/2025
489,Digital Drawing Tablet,34189.2,2386,8/29/2025,8/29/2025
490,Salsa Verde,140738.63,1935,8/29/2025,8/29/2025
491,Utility Cargo Pants,176837.21,935,8/29/2025,8/29/2025
492,Yoga Blocks,125630.36,746,8/29/2025,8/29/2025
493,Freestanding Wine Rack,76007.14,7401,8/29/2025,8/29/2025
494,Savory Trail Mix,147136.28,680,8/29/2025,8/29/2025
495,Lentil Vegetable Curry,10316.23,2091,8/29/2025,8/29/2025
496,Magnetic Whiteboard,184151.3,2239,8/29/2025,8/29/2025
497,Rechargeable Electric Screwdriver,165018.69,649,8/29/2025,8/29/2025
498,Sustainable Wooden Toys,27925.08,8386,8/29/2025,8/29/2025
499,Memory Foam Mattress Topper,160173.38,992,8/29/2025,8/29/2025
500,Sustainable Wooden Toys,170956.42,1136,8/29/2025,8/29/2025
501,Savory Trail Mix,196634.76,9436,8/29/2025,8/29/2025
502,Sweet Potato Noodles,177130.61,7110,8/29/2025,8/29/2025
503,Pumpkin Spice Granola,150210.13,721,8/29/2025,8/29/2025
504,Coffee Capsule Dispenser,757.54,4484,8/29/2025,8/29/2025
505,Leather Notebook Cover,134663.77,8131,8/29/2025,8/29/2025
506,Vintage Graphic Tee,83116.01,6319,8/29/2025,8/29/2025
507,Lightweight Workout Tank,191978.74,2851,8/29/2025,8/29/2025
508,Body Pillow Case,36454.22,3346,8/29/2025,8/29/2025
509,Coffee Grinder,69801.13,944,8/29/2025,8/29/2025
510,Cranberry Pecan Granola,38107.04,5124,8/29/2025,8/29/2025
511,Decorative LED Neon Sign,148039.0,5926,8/29/2025,8/29/2025
512,Lemon Zest Olive Oil,147211.96,9450,8/29/2025,8/29/2025
513,Harvest Grain Salad,6086.3,1025,8/29/2025,8/29/2025
514,Pistachios,91160.1,8749,8/29/2025,8/29/2025
515,Chocolate Chip Muffins,51182.54,5674,8/29/2025,8/29/2025
516,Fitness Jump Rope,102849.78,6277,8/29/2025,8/29/2025
517,Spaghetti and Meatball Dinner Kit,176613.68,4090,8/29/2025,8/29/2025
518,Nut Mix,111029.64,2187,8/29/2025,8/29/2025
519,Italian Herbal Seasoning,36850.76,2110,8/29/2025,8/29/2025
520,Spicy Vegetable Sushi Rolls,194438.21,3569,8/29/2025,8/29/2025
521,Brown Rice,162976.67,4473,8/29/2025,8/29/2025
522,Insulated Coffee Mug,22288.75,7734,8/29/2025,8/29/2025
523,Compressible Packing Cubes,105437.2,6679,8/29/2025,8/29/2025
524,Leather Biker Jacket,118949.82,9225,8/29/2025,8/29/2025
525,Measuring Cups Set,111115.32,9777,8/29/2025,8/29/2025
526,Spinach and Cheese Quiche,126134.47,1990,8/29/2025,8/29/2025
527,Magnetic Curtain Tiebacks,197463.24,8513,8/29/2025,8/29/2025
528,Comfortable Bed Pillow,153641.03,7364,8/29/2025,8/29/2025
529,Workstation Laptop Stand,95563.85,5147,8/29/2025,8/29/2025
530,Adjustable Pedicure Footrest,137485.03,1568,8/29/2025,8/29/2025
531,Pineapple Salsa,64142.44,3826,8/29/2025,8/29/2025
532,Mango Chili Salsa,53557.63,2498,8/29/2025,8/29/2025
533,Grilled Veggie Burgers,2012.58,2660,8/29/2025,8/29/2025
534,Organic Brown Sugar,70236.53,4421,8/29/2025,8/29/2025
535,Leather Biker Jacket,129151.78,4394,8/29/2025,8/29/2025
536,Organic Sweet Potatoes,60800.53,1097,8/29/2025,8/29/2025
537,Chili Powder,185247.17,3839,8/29/2025,8/29/2025
538,Pistachios,10110.16,4948,8/29/2025,8/29/2025
539,Smart Plug,85474.94,4687,8/29/2025,8/29/2025
540,Basil-infused Olive Oil,154107.16,335,8/29/2025,8/29/2025
541,Hot Dog Buns,193899.95,3325,8/29/2025,8/29/2025
542,Pocket Blanket,6516.8,4792,8/29/2025,8/29/2025
543,LED Christmas Tree Lights,69541.3,3643,8/29/2025,8/29/2025
544,Organic Whole Grain Oats,110289.11,4197,8/29/2025,8/29/2025
545,Portable Phone Charger,77626.16,7537,8/29/2025,8/29/2025
546,Spiced Pumpkin Soup,14422.93,6994,8/29/2025,8/29/2025
547,Backpacking Tent,107248.23,6894,8/29/2025,8/29/2025
548,Balsamic Fig Dressing,162776.73,40,8/29/2025,8/29/2025
549,Smartphone Tripod with Bluetooth Remote,125297.55,9771,8/29/2025,8/29/2025
550,Infrared Thermometer Gun,6776.35,7061,8/29/2025,8/29/2025
551,Smartwatch,19716.26,3793,8/29/2025,8/29/2025
552,Herbal Tea Variety Pack,173466.69,4431,8/29/2025,8/29/2025
553,Italian Herbal Seasoning,145778.56,2099,8/29/2025,8/29/2025
554,Indestructible Dog Toy,131875.48,4266,8/29/2025,8/29/2025
555,Scent Diffuser Oil,35650.4,3135,8/29/2025,8/29/2025
556,Almond Coconut Granola,18927.35,6980,8/29/2025,8/29/2025
557,Sesame Ginger Dressing,89987.86,5599,8/29/2025,8/29/2025
558,Phone Screen Protector,27627.38,4906,8/29/2025,8/29/2025
559,Graphic Hoodie,22386.21,8790,8/29/2025,8/29/2025
560,Multi-Function Meat Tenderizer,160962.08,5774,8/29/2025,8/29/2025
561,Mango Chilli Sauce,100857.03,1389,8/29/2025,8/29/2025
562,Fruit and Nut Medley,15053.41,9697,8/29/2025,8/29/2025
563,Oats,20752.44,2518,8/29/2025,8/29/2025
564,Eco-Friendly Yoga Mat,101571.84,8150,8/29/2025,8/29/2025
565,Savory Rice Cakes,65481.61,9049,8/29/2025,8/29/2025
566,French Onion Dip,132189.28,4009,8/29/2025,8/29/2025
567,Jump Rope with Counter,148464.68,9142,8/29/2025,8/29/2025
568,Fresh Strawberries,27679.69,5852,8/29/2025,8/29/2025
569,Classic Minestrone Soup,184800.53,6519,8/29/2025,8/29/2025
570,Spicy BBQ Sauce,61506.41,171,8/29/2025,8/29/2025
571,Smashed Avocado with Lime,50969.09,67,8/29/2025,8/29/2025
572,Peanut Butter Cookies,101028.97,6707,8/29/2025,8/29/2025
573,Fitness Mat,154202.36,6607,8/29/2025,8/29/2025
574,Granola,97372.33,2077,8/29/2025,8/29/2025
575,Buffalo Cauliflower Wings,187718.59,9370,8/29/2025,8/29/2025
576,Plant Watering Spikes,48495.31,9879,8/29/2025,8/29/2025
577,Kale & Quinoa Salad Mix,43037.52,8242,8/29/2025,8/29/2025
578,Spicy Hummus,195533.12,3163,8/29/2025,8/29/2025
579,Wall Art,169451.78,2937,8/29/2025,8/29/2025
580,Foot Massager,17022.25,1164,8/29/2025,8/29/2025
581,Drone,107993.49,7615,8/29/2025,8/29/2025
582,Biodegradable Dog Waste Bags,133047.44,9512,8/29/2025,8/29/2025
583,Maple Almond Yogurt,82805.47,9373,8/29/2025,8/29/2025
584,Interactive Plush Toy,916.92,7832,8/29/2025,8/29/2025
585,Feta Cheese,100846.24,1151,8/29/2025,8/29/2025
586,Children's Educational Workbook,149064.71,6198,8/29/2025,8/29/2025
587,Chipotle Sauce,58685.49,7498,8/29/2025,8/29/2025
588,Peach Halves (canned),189617.79,9857,8/29/2025,8/29/2025
589,Luxury Bath Robe,143612.82,6438,8/29/2025,8/29/2025
590,Caramelized Onion Dip Mix,93453.24,332,8/29/2025,8/29/2025
591,Silicone Baking Molds,68766.72,8451,8/29/2025,8/29/2025
592,Spicy Vegetable Sushi Rolls,120452.93,1705,8/29/2025,8/29/2025
593,Portable Speakers,21608.66,3675,8/29/2025,8/29/2025
594,Home Brewing Starter Kit,5009.53,4931,8/29/2025,8/29/2025
595,Chickpea Pasta,49369.32,1882,8/29/2025,8/29/2025
596,Sports Windbreaker,186421.14,4641,8/29/2025,8/29/2025
597,Peach & Mango Salsa,178199.68,4995,8/29/2025,8/29/2025
598,Sweet Potatoes,123725.07,4685,8/29/2025,8/29/2025
599,Non-Toxic Crayons for Kids,131564.85,4929,8/29/2025,8/29/2025
600,Roasted Garlic Mashed Potatoes,139539.17,4848,8/29/2025,8/29/2025
601,Classic Black Dress,195640.93,2792,8/29/2025,8/29/2025
602,Wireless Range Extender,39531.23,2682,8/29/2025,8/29/2025
603,Yoga Strap,36197.49,3721,8/29/2025,8/29/2025
604,Honey Garlic Sauce,97722.14,3779,8/29/2025,8/29/2025
605,Vintage Button-Down Shirt,22274.98,5201,8/29/2025,8/29/2025
606,Dark Chocolate Raisins,108543.74,3528,8/29/2025,8/29/2025
607,Nutty Quinoa Salad,72361.15,9671,8/29/2025,8/29/2025
608,Animal Paw Print Soap Dispenser,12394.42,3834,8/29/2025,8/29/2025
609,Outdoor Folding Table,162778.49,9138,8/29/2025,8/29/2025
610,Vegan Chickpea Salad,9218.14,8208,8/29/2025,8/29/2025
611,Low-Fat Yogurt,62367.71,3121,8/29/2025,8/29/2025
612,Sesame Garlic Noodles,47028.29,766,8/29/2025,8/29/2025
613,Vegetable Fried Rice,98571.87,3344,8/29/2025,8/29/2025
614,Pocket Blanket,133064.41,6916,8/29/2025,8/29/2025
615,Kids' Educational Tablet,141311.52,1085,8/29/2025,8/29/2025
616,Kids Tablet,85666.6,8662,8/29/2025,8/29/2025
617,Almond Flour,65828.84,8081,8/29/2025,8/29/2025
618,Mini Waffle Maker,134472.49,5482,8/29/2025,8/29/2025
619,Roasted Chickpeas,95971.72,9259,8/29/2025,8/29/2025
620,Garlic and Herb Rub,158979.34,1076,8/29/2025,8/29/2025
621,Canned Black Beans,52499.16,9293,8/29/2025,8/29/2025
622,Pet Hair Removal Brush,103504.64,8477,8/29/2025,8/29/2025
623,Kid's Fruit Snacks,78126.9,7917,8/29/2025,8/29/2025
624,Indestructible Dog Toy,139909.53,7375,8/29/2025,8/29/2025
625,Portable Solar Charger,66263.5,7048,8/29/2025,8/29/2025
626,Voice-Controlled Speaker,112196.88,1307,8/29/2025,8/29/2025
627,Chocolate Chip Cookie Mix,90167.12,1665,8/29/2025,8/29/2025
628,Cold Brew Coffee Concentrate,6495.4,6911,8/29/2025,8/29/2025
629,Smartphone Stand,70463.0,2649,8/29/2025,8/29/2025
630,Shower Curtain Hooks,123062.61,3640,8/29/2025,8/29/2025
631,Classic Watch,2865.42,4812,8/29/2025,8/29/2025
632,Portable Solar Camp Shower,159345.77,7693,8/29/2025,8/29/2025
633,Italian Sausage Links,82020.99,607,8/29/2025,8/29/2025
634,Leather Biker Jacket,108896.41,8626,8/29/2025,8/29/2025
635,Quinoa and Kale Salad Kit,73937.61,6043,8/29/2025,8/29/2025
636,Portable USB-C Monitor,121245.61,3638,8/29/2025,8/29/2025
637,Chocolate Hazelnut Granola,121388.09,3450,8/29/2025,8/29/2025
638,Cucumber Lime Sparkling Water,95609.7,1052,8/29/2025,8/29/2025
639,Cajun Seasoning,123120.9,3888,8/29/2025,8/29/2025
640,Protein Pancake Mix,126698.29,1033,8/29/2025,8/29/2025
641,Aeropress Coffee Maker,195876.92,1097,8/29/2025,8/29/2025
642,Frozen Pizza,65418.71,5490,8/29/2025,8/29/2025
643,Silicone Baking Mat Set,108771.41,4828,8/29/2025,8/29/2025
644,Suede Ankle Booties,69977.07,6796,8/29/2025,8/29/2025
645,Frozen Cauliflower Rice,189067.97,1717,8/29/2025,8/29/2025
646,Soft Plush Throw Blanket,13074.0,3734,8/29/2025,8/29/2025
647,Pet Waterer with Filtration,45233.4,1707,8/29/2025,8/29/2025
648,Athletic Jogging Jacket,157507.8,3932,8/29/2025,8/29/2025
649,Sweet Potatoes (organic),100177.09,8844,8/29/2025,8/29/2025
650,Vanilla Protein Powder,69487.59,9190,8/29/2025,8/29/2025
651,Chilli Lime Corn on the Cob,99842.73,1790,8/29/2025,8/29/2025
652,Mayonnaise,167469.14,7468,8/29/2025,8/29/2025
653,Personal Safety Alarm,148605.34,8693,8/29/2025,8/29/2025
654,Frozen Broccoli,173334.08,6176,8/29/2025,8/29/2025
655,Lemon Pepper Seasoning,64284.81,3716,8/29/2025,8/29/2025
656,Lentil Vegetable Curry,14828.18,8845,8/29/2025,8/29/2025
657,Fruit & Nut Trail Mix,3653.76,7718,8/29/2025,8/29/2025
658,Personal Blender with Travel Cup,79476.1,501,8/29/2025,8/29/2025
659,Ramen Noodle Soup Cups,114818.92,2142,8/29/2025,8/29/2025
660,Essential Oils Diffuser Necklace,61770.94,8132,8/29/2025,8/29/2025
661,Spicy Tuna Sushi Kit,129921.01,6312,8/29/2025,8/29/2025
662,Interactive Robot Toy,63543.77,9712,8/29/2025,8/29/2025
663,Cauliflower Rice Stir-Fry,13644.27,7466,8/29/2025,8/29/2025
664,Bicycle Lock,197092.59,1375,8/29/2025,8/29/2025
665,Granulated Sugar,46458.97,8784,8/29/2025,8/29/2025
666,Pepperoni Pizza Rolls,148265.7,5569,8/29/2025,8/29/2025
667,Chipotle Lime Salsa,101452.97,6094,8/29/2025,8/29/2025
668,Pest Control Traps,40234.03,7768,8/29/2025,8/29/2025
669,High-Low Hem Tee,84031.43,111,8/29/2025,8/29/2025
670,Stick Vacuums Cleaner,69230.54,2448,8/29/2025,8/29/2025
671,Lightweight Travel Backpack,147296.7,3677,8/29/2025,8/29/2025
672,Travel Organizer,102100.73,2461,8/29/2025,8/29/2025
673,Self-Cleaning Water Bottle,5428.55,6763,8/29/2025,8/29/2025
674,Teriyaki Chicken Bowl,72693.52,961,8/29/2025,8/29/2025
675,Savory Italian Herbs,82815.15,2151,8/29/2025,8/29/2025
676,Teriyaki Beef Jerky,67126.58,2676,8/29/2025,8/29/2025
677,Chipotle Black Bean Burger,158286.28,755,8/29/2025,8/29/2025
678,Window Blinds,7670.83,7511,8/29/2025,8/29/2025
679,Gingerbread House Kit,117296.71,9452,8/29/2025,8/29/2025
680,Wireless Game Controller,194842.24,1004,8/29/2025,8/29/2025
681,Fitness Mat,1624.17,3304,8/29/2025,8/29/2025
682,Dishwasher Safe Cutting Board,94466.61,6238,8/29/2025,8/29/2025
683,Multi-Function Smartphone Holder,161447.85,6661,8/29/2025,8/29/2025
684,Instant Camera,105084.97,3288,8/29/2025,8/29/2025
685,Freestanding Wine Rack,125648.53,6349,8/29/2025,8/29/2025
686,Dill Pickle Chips,65205.91,1216,8/29/2025,8/29/2025
687,Ceramic Non-Stick Frying Pan,86055.81,581,8/29/2025,8/29/2025
688,Sweet BBQ Dipping Sauce,117300.37,8706,8/29/2025,8/29/2025
689,Miso Soup Starter,42818.88,1584,8/29/2025,8/29/2025
690,Sriracha Sauce,101253.3,7207,8/29/2025,8/29/2025
691,Mint Chocolate Chip Ice Cream,142761.28,6852,8/29/2025,8/29/2025
692,Almond Flour Cookies,56612.99,5628,8/29/2025,8/29/2025
693,Beef Enchilada Casserole,82494.57,863,8/29/2025,8/29/2025
694,Dog Car Seat Cover,145058.94,8065,8/29/2025,8/29/2025
695,Heat-Resistant Silicone Mat,105915.06,7317,8/29/2025,8/29/2025
696,Banana Nut Oatmeal Cups,11698.98,3725,8/29/2025,8/29/2025
697,Carrot and Celery Sticks,115139.73,9493,8/29/2025,8/29/2025
698,Popcorn Chicken,101000.39,1259,8/29/2025,8/29/2025
699,Lentil Pasta,24487.45,8324,8/29/2025,8/29/2025
700,Antique Style Clock,98696.69,3761,8/29/2025,8/29/2025
701,Ceramic Non-Stick Frying Pan,89898.02,9064,8/29/2025,8/29/2025
702,Graphic Print Leggings,130232.92,2271,8/29/2025,8/29/2025
703,Organic Chia Seeds,165208.48,8390,8/29/2025,8/29/2025
704,Dark Chocolate Almond Butter Cups,31472.45,6287,8/29/2025,8/29/2025
705,Saffron Rice Mix,175175.46,7145,8/29/2025,8/29/2025
706,Ethically-Sourced Coffee Beans,109672.3,6477,8/29/2025,8/29/2025
707,Eco-Friendly Yoga Blocks,51716.47,249,8/29/2025,8/29/2025
708,Honey Mustard Dip,53028.61,3119,8/29/2025,8/29/2025
709,Ice Cream,51790.74,397,8/29/2025,8/29/2025
710,Silicone Ice Cube Tray,180263.67,9539,8/29/2025,8/29/2025
711,Fruit and Nut Medley,42392.96,9029,8/29/2025,8/29/2025
712,Wall-Mounted Organizer,141873.88,6806,8/29/2025,8/29/2025
713,Durable Hiking Boots,97277.69,8143,8/29/2025,8/29/2025
714,Fresh Basil Pesto,80656.57,3285,8/29/2025,8/29/2025
715,Vegan Mayonnaise,23377.98,5580,8/29/2025,8/29/2025
716,Mini Projector,156503.48,1895,8/29/2025,8/29/2025
717,Vegetable Spring Rolls,46610.53,47,8/29/2025,8/29/2025
718,Adjustable Kneeling Pad,93391.87,6383,8/29/2025,8/29/2025
719,Portable Air Compressor,38210.93,9102,8/29/2025,8/29/2025
720,Truffle Parmesan Fries,75539.47,81,8/29/2025,8/29/2025
721,Children's Backpack,52093.56,7485,8/29/2025,8/29/2025
722,Fall-Themed Table Runner,79105.23,909,8/29/2025,8/29/2025
723,Herbal Tea Infuser,165069.03,899,8/29/2025,8/29/2025
724,Black Bean & Corn Salad,57139.34,9440,8/29/2025,8/29/2025
725,Kids' Trampoline,129766.51,7983,8/29/2025,8/29/2025
726,Avocado Lime Dressing,118551.24,5070,8/29/2025,8/29/2025
727,Window Bird Feeder,151667.68,3759,8/29/2025,8/29/2025
728,Nut Butter Cups,41444.26,6582,8/29/2025,8/29/2025
729,Sturdy Bookends,128889.96,6812,8/29/2025,8/29/2025
730,Banana Nut Oatmeal Cups,106544.88,1589,8/29/2025,8/29/2025
731,Portable Speaker Stand,71538.88,3264,8/29/2025,8/29/2025
732,Denim Jacket,157749.12,6601,8/29/2025,8/29/2025
733,Chilli Lime Corn on the Cob,45892.43,2638,8/29/2025,8/29/2025
734,Board Game,189610.88,3737,8/29/2025,8/29/2025
735,Air Mattress,115407.24,8586,8/29/2025,8/29/2025
736,Plant-Based Protein Bars,100244.55,9696,8/29/2025,8/29/2025
737,Wireless Security System,6275.56,3931,8/29/2025,8/29/2025
738,Infrared Thermometer,45115.27,2193,8/29/2025,8/29/2025
739,Trainers with Mesh Inserts,71319.44,7041,8/29/2025,8/29/2025
740,Organic Green Tea,106284.34,2155,8/29/2025,8/29/2025
741,Smart Wi-Fi Camera,185412.41,4342,8/29/2025,8/29/2025
742,Car Trash Can,41518.5,7284,8/29/2025,8/29/2025
743,Caribbean Jerk Marinade,121309.0,4553,8/29/2025,8/29/2025
744,Smart Thermostat,156292.01,3513,8/29/2025,8/29/2025
745,Mini Fondue Set,184356.89,5151,8/29/2025,8/29/2025
746,Ceramic Bakeware Set,158954.33,2582,8/29/2025,8/29/2025
747,Peanut Butter Filled Pretzels,5812.64,8680,8/29/2025,8/29/2025
748,Fitness Mat,36476.47,414,8/29/2025,8/29/2025
749,Travel Size Toiletry Bottles,104713.02,2930,8/29/2025,8/29/2025
750,Portable Hammock,33037.49,1112,8/29/2025,8/29/2025
751,Hand Crank Blender,46715.68,1326,8/29/2025,8/29/2025
752,Brazil Nuts,30098.41,768,8/29/2025,8/29/2025
753,Pet Travel Bowl,67935.53,4912,8/29/2025,8/29/2025
754,Lightweight Rain Jacket,104755.33,8916,8/29/2025,8/29/2025
755,Portable Pet Pooper Scooper,87861.7,165,8/29/2025,8/29/2025
756,Wireless Gaming Mouse,21526.67,5492,8/29/2025,8/29/2025
757,Surimi Crab Sticks,112211.67,9795,8/29/2025,8/29/2025
758,High-Speed Hand Blender,150524.57,3518,8/29/2025,8/29/2025
759,Organic Honeycrisp Apples,76896.63,8350,8/29/2025,8/29/2025
760,Rustic Wooden Picture Frame,98485.93,3574,8/29/2025,8/29/2025
761,Rain Jacket,73014.75,2725,8/29/2025,8/29/2025
762,Party Mini Dress,49132.23,6323,8/29/2025,8/29/2025
763,Dog Frisbee Toy,169965.36,325,8/29/2025,8/29/2025
764,Sweetened Condensed Milk,19180.49,2547,8/29/2025,8/29/2025
765,Pasta Primavera,161815.57,2390,8/29/2025,8/29/2025
766,Fitness Balance Ball,71982.68,1717,8/29/2025,8/29/2025
767,Mechanical Pencil Set,144291.42,7661,8/29/2025,8/29/2025
768,Heat-Resistant Silicone Mat,114985.7,8768,8/29/2025,8/29/2025
769,Mashed Sweet Potatoes,121829.16,3590,8/29/2025,8/29/2025
770,Plant Pot Drip Trays,57426.63,3537,8/29/2025,8/29/2025
771,Dried Apricots,98914.79,7010,8/29/2025,8/29/2025
772,Sriracha Chili Sauce,92725.76,3124,8/29/2025,8/29/2025
773,Organic Quinoa Salad,3542.6,4500,8/29/2025,8/29/2025
774,High-Waisted Skirt,15687.34,7861,8/29/2025,8/29/2025
775,Almond Flour,127538.45,3735,8/29/2025,8/29/2025
776,Garlic Parmesan Roasted Nuts,31515.91,3289,8/29/2025,8/29/2025
777,Luminous Night Light,10490.0,9659,8/29/2025,8/29/2025
778,Ramen Noodle Soup Cups,72215.27,9234,8/29/2025,8/29/2025
779,Fettuccine Alfredo Dinner Kit,139600.27,695,8/29/2025,8/29/2025
780,Handmade Leather Journal,2133.64,9002,8/29/2025,8/29/2025
781,Canned Coconut Milk,62431.37,158,8/29/2025,8/29/2025
782,Creamy Ranch Dressing,28824.0,6576,8/29/2025,8/29/2025
783,Puffer Winter Coat,114874.42,8389,8/29/2025,8/29/2025
784,Basil-infused Olive Oil,140939.11,9668,8/29/2025,8/29/2025
785,Digital Stopwatch Timer,186672.0,8492,8/29/2025,8/29/2025
786,Savory Pumpkin Soup,35447.12,3172,8/29/2025,8/29/2025
787,Almond Joy Munch Bars,70102.73,3938,8/29/2025,8/29/2025
788,Raspberry Limeade,112432.59,7570,8/29/2025,8/29/2025
789,Ice Cube Tray with Lid,75161.82,3148,8/29/2025,8/29/2025
790,Samsung Galaxy Smartwatch,4362.54,4852,8/29/2025,8/29/2025
791,Chicken Fajita Kit,17229.31,2841,8/29/2025,8/29/2025
792,Harvest Grain Salad,173086.49,5410,8/29/2025,8/29/2025
793,Photo Album,73015.44,7889,8/29/2025,8/29/2025
794,Desk Lamp with USB Port,85871.44,49,8/29/2025,8/29/2025
795,Almond Flour Biscuits,21293.08,6886,8/29/2025,8/29/2025
796,Pineapple Rings,137807.51,2500,8/29/2025,8/29/2025
797,Adjustable Window Blind,101592.51,3739,8/29/2025,8/29/2025
798,Roasted Garlic Mashed Potatoes,18681.48,3027,8/29/2025,8/29/2025
799,Children's Gardening Set,5275.34,5078,8/29/2025,8/29/2025
800,Radish Chips,119597.37,6164,8/29/2025,8/29/2025
801,Personal Blender,89507.04,4931,8/29/2025,8/29/2025
802,Coconut Cream Pie Mix,55752.2,8124,8/29/2025,8/29/2025
803,Tattoo Kit,30761.89,4366,8/29/2025,8/29/2025
804,Pesto Pasta Sauce,17885.82,2945,8/29/2025,8/29/2025
805,Eco-Friendly Notepad,111304.29,4888,8/29/2025,8/29/2025
806,Mini Food Processor,75935.73,9683,8/29/2025,8/29/2025
807,Cucumber Relish,109512.09,9383,8/29/2025,8/29/2025
808,Smartphone Car Mount with Wireless Charging,183955.85,7157,8/29/2025,8/29/2025
809,Gardening Gloves,46168.03,6039,8/29/2025,8/29/2025
810,Ginger Turmeric Shots,171752.67,2262,8/29/2025,8/29/2025
811,Portable Massage Table,197035.03,4673,8/29/2025,8/29/2025
812,Sliced Provolone Cheese,97369.99,9340,8/29/2025,8/29/2025
813,Corn Tortillas,170099.78,6752,8/29/2025,8/29/2025
814,Pet Bed,174802.33,595,8/29/2025,8/29/2025
815,High-Waisted Skirt,187850.61,5628,8/29/2025,8/29/2025
816,Backpack,21825.28,5669,8/29/2025,8/29/2025
817,LED Desk Lamp with USB Charging Port,91688.23,8033,8/29/2025,8/29/2025
818,Instant Camera,91904.88,2120,8/29/2025,8/29/2025
819,Emergency Preparedness Kit,188324.97,7771,8/29/2025,8/29/2025
820,Peach Salsa,166232.9,4503,8/29/2025,8/29/2025
821,Low-Fat Yogurt,157030.65,1732,8/29/2025,8/29/2025
822,Samoas Cookie Mix,108091.08,1780,8/29/2025,8/29/2025
823,Hand Crank Blender,37097.9,9577,8/29/2025,8/29/2025
824,Ground Turkey,40271.04,376,8/29/2025,8/29/2025
825,Maple Bacon Jerky,24795.81,2878,8/29/2025,8/29/2025
826,Whole Wheat Bread,118981.13,3587,8/29/2025,8/29/2025
827,Reusable Silicone Food Storage Bags,94863.59,4293,8/29/2025,8/29/2025
828,Poppy Seed Dressing,62678.17,6412,8/29/2025,8/29/2025
829,Wine Decanter,192482.63,6402,8/29/2025,8/29/2025
830,Snack Container Set,166392.15,4630,8/29/2025,8/29/2025
831,Dried Fruit Medley,5506.8,7938,8/29/2025,8/29/2025
832,Miso Dressing,74375.06,4095,8/29/2025,8/29/2025
833,Adjustable Resistance Bands,112351.55,7398,8/29/2025,8/29/2025
834,Peach Salsa,90937.92,5728,8/29/2025,8/29/2025
835,Rechargeable Battery Organizer,113444.19,644,8/29/2025,8/29/2025
836,Portable Camping Stove,103421.28,3740,8/29/2025,8/29/2025
837,Self-Massaging Pillow,95413.31,787,8/29/2025,8/29/2025
838,Frozen Chicken Nuggets,145972.67,6106,8/29/2025,8/29/2025
839,Lightweight Rain Jacket,38995.57,2975,8/29/2025,8/29/2025
840,Coconut Yogurt,54282.48,1121,8/29/2025,8/29/2025
841,Frozen Berry Medley,54106.12,5232,8/29/2025,8/29/2025
842,Dog Collar,58247.91,9559,8/29/2025,8/29/2025
843,Travel Hair Straightener,113765.09,3833,8/29/2025,8/29/2025
844,Spicy Hummus,4074.31,5821,8/29/2025,8/29/2025
845,Chili Beans (canned),97232.05,2118,8/29/2025,8/29/2025
846,Microwave Popcorn Maker,164743.11,3847,8/29/2025,8/29/2025
847,Garden Vegetable Soup,121443.38,6544,8/29/2025,8/29/2025
848,Interactive Robot Toy,114618.05,2143,8/29/2025,8/29/2025
849,Tea Infuser,58881.95,9958,8/29/2025,8/29/2025
850,Cordless Electric Screwdriver,151559.69,6506,8/29/2025,8/29/2025
851,Outdoor Portable Fire Pit,125772.39,587,8/29/2025,8/29/2025
852,Bluetooth Shower Speaker,167184.51,3654,8/29/2025,8/29/2025
853,Peanut Butter Protein Balls,69149.8,8311,8/29/2025,8/29/2025
854,Cranberry Orange Juice,35673.19,3540,8/29/2025,8/29/2025
855,Handmade Leather Wallet,65837.0,7627,8/29/2025,8/29/2025
856,Rice Cakes,18419.63,6750,8/29/2025,8/29/2025
857,Suction Cup Hooks,197976.43,9688,8/29/2025,8/29/2025
858,Silicone Baking Mat,88885.24,4238,8/29/2025,8/29/2025
859,Coconut Chia Pudding,61377.2,7063,8/29/2025,8/29/2025
860,Electric Stool Heater,67879.54,1851,8/29/2025,8/29/2025
861,Bicycle Lock,43183.46,7841,8/29/2025,8/29/2025
862,Collapsible Folding Chair,90942.38,8491,8/29/2025,8/29/2025
863,Veggie Lovers Pizza,164426.63,6305,8/29/2025,8/29/2025
864,Honey Garlic Shrimp,25421.04,3290,8/29/2025,8/29/2025
865,Fishing Tackle Box,165137.64,7488,8/29/2025,8/29/2025
866,Kids' Crafting Station,120233.82,3179,8/29/2025,8/29/2025
867,Buffalo Sauce,102373.45,6343,8/29/2025,8/29/2025
868,Thai Red Curry Paste,117997.95,4530,8/29/2025,8/29/2025
869,Pasta Primavera,194606.46,1342,8/29/2025,8/29/2025
870,Smart Thermos,137030.23,6710,8/29/2025,8/29/2025
871,Microfiber Cleaning Cloths,54616.07,108,8/29/2025,8/29/2025
872,Fitness Jump Box,25474.77,4358,8/29/2025,8/29/2025
873,Mini Electric Kettle,23798.58,9211,8/29/2025,8/29/2025
874,Sweet Corn Fritters,87194.98,9962,8/29/2025,8/29/2025
875,Almond Butter Cookies,101675.51,4548,8/29/2025,8/29/2025
876,Lentil Vegetable Curry,70852.6,7206,8/29/2025,8/29/2025
877,Fridge Magnet Set,94941.04,9520,8/29/2025,8/29/2025
878,Mango Chili Salsa,171377.45,782,8/29/2025,8/29/2025
879,Tattoo Kit,15176.9,1910,8/29/2025,8/29/2025
880,Fitness Tracker with Heart Rate Monitor,182065.09,8745,8/29/2025,8/29/2025
881,Honey Mustard Sauce,70422.91,6419,8/29/2025,8/29/2025
882,Spiced Pumpkin Soup,42651.13,9842,8/29/2025,8/29/2025
883,Smashed Avocado with Lime,163843.04,2926,8/29/2025,8/29/2025
884,Digital Wireless Camera,15586.69,4000,8/29/2025,8/29/2025
885,Foam Roller for Muscle Recovery,9603.32,1504,8/29/2025,8/29/2025
886,Portable Water Filter,157313.83,6418,8/29/2025,8/29/2025
887,Organic Coconut Oil,112465.32,3594,8/29/2025,8/29/2025
888,Lemon Sorbet,33424.84,9313,8/29/2025,8/29/2025
889,Roasted Garlic Pasta Sauce,161897.6,4403,8/29/2025,8/29/2025
890,Sliced Provolone Cheese,47213.01,799,8/29/2025,8/29/2025
891,Balsamic Vinegar,31864.98,5294,8/29/2025,8/29/2025
892,Portable Hammock with Stand,91750.32,4657,8/29/2025,8/29/2025
893,Californian Raisins,57870.53,3267,8/29/2025,8/29/2025
894,Frozen Cauliflower Rice,97459.44,1578,8/29/2025,8/29/2025
895,Creamy Coleslaw Mix,71436.5,5670,8/29/2025,8/29/2025
896,Photo Album,136081.15,163,8/29/2025,8/29/2025
897,Induction Cooktop,128347.33,8414,8/29/2025,8/29/2025
898,Safety First Aid Kit,16290.87,7922,8/29/2025,8/29/2025
899,Almond Butter Crunch Bar,99803.27,8158,8/29/2025,8/29/2025
900,Kids' Dinosaur-Themed Lunchbox,166443.39,3349,8/29/2025,8/29/2025
901,Indestructible Dog Toy,171251.76,9130,8/29/2025,8/29/2025
902,Adjustable Bar Stools,53452.2,7196,8/29/2025,8/29/2025
903,Bird Feeder,35875.57,8296,8/29/2025,8/29/2025
904,Cordless Electric Screwdriver,78204.62,4869,8/29/2025,8/29/2025
905,Compact Umbrella,125669.29,4699,8/29/2025,8/29/2025
906,Organic Coconut Yogurt,154746.91,1277,8/29/2025,8/29/2025
907,Sweet Potatoes,45700.9,1157,8/29/2025,8/29/2025
908,Frozen Cauliflower Rice,49389.84,6926,8/29/2025,8/29/2025
909,Motorcycle Phone Mount,44717.8,6602,8/29/2025,8/29/2025
910,Non-Slip Yoga Socks,37183.73,4146,8/29/2025,8/29/2025
911,Spaghetti and Meatball Dinner Kit,124490.54,5277,8/29/2025,8/29/2025
912,Maxi Wrap Dress,88813.52,59,8/29/2025,8/29/2025
913,Pasta (Linguine),194464.19,1652,8/29/2025,8/29/2025
914,Personal Blender with Cups,83000.34,798,8/29/2025,8/29/2025
915,Sporty Cap,12891.4,234,8/29/2025,8/29/2025
916,Sunglasses,79291.67,2345,8/29/2025,8/29/2025
917,Desk Organizer Set,1806.42,9000,8/29/2025,8/29/2025
918,Pressure Washer Accessories Kit,121801.54,2056,8/29/2025,8/29/2025
919,Dried Fruit Medley,33154.14,1072,8/29/2025,8/29/2025
920,Biodegradable Dog Waste Bags,177234.27,7913,8/29/2025,8/29/2025
921,Fitness Balance Ball,25052.0,1850,8/29/2025,8/29/2025
922,Luxury Rolling Makeup Case,111328.11,2942,8/29/2025,8/29/2025
923,Active Racerback Tank,91198.74,1269,8/29/2025,8/29/2025
924,Roasted Garlic Mashed Potatoes,104046.67,4727,8/29/2025,8/29/2025
925,Snack Container Set,160930.14,2680,8/29/2025,8/29/2025
926,Asian Salad Mix,33037.44,5685,8/29/2025,8/29/2025
927,Almond Flour Tortillas,166973.03,4751,8/29/2025,8/29/2025
928,Balsamic Glaze,64453.12,6884,8/29/2025,8/29/2025
929,Dark Chocolate Covered Almonds,24938.54,9983,8/29/2025,8/29/2025
930,Roasted Garlic Aioli,18144.51,7268,8/29/2025,8/29/2025
931,Lemon Dill Salmon,58754.2,9222,8/29/2025,8/29/2025
932,Spicy Tuna Salad,40261.87,9288,8/29/2025,8/29/2025
933,Fresh Lemons,102725.23,1127,8/29/2025,8/29/2025
934,Smartphone Tripod,147880.27,2653,8/29/2025,8/29/2025
935,Multi-Tool,84184.85,9764,8/29/2025,8/29/2025
936,Teriyaki Tofu Stir-Fry,91796.83,9616,8/29/2025,8/29/2025
937,Heavy-Duty Utility Tote,98014.44,1716,8/29/2025,8/29/2025
938,Fruit and Nut Medley,29262.02,508,8/29/2025,8/29/2025
939,Turkey Bacon,123454.1,1355,8/29/2025,8/29/2025
940,Pet Grooming Glove,118183.69,7639,8/29/2025,8/29/2025
941,Pet Camera with Treat Dispenser,180855.49,5595,8/29/2025,8/29/2025
942,Italian Sausage and Peppers,87573.01,253,8/29/2025,8/29/2025
943,Golf Putting Green,113673.25,213,8/29/2025,8/29/2025
944,Travel Pillow with Memory Foam,7117.11,5321,8/29/2025,8/29/2025
945,Fresh Lemons,22390.28,2637,8/29/2025,8/29/2025
946,Sliced Olives,184566.42,366,8/29/2025,8/29/2025
947,Popcorn Chicken,84954.38,4332,8/29/2025,8/29/2025
948,Roasted Red Pepper Hummus,18895.96,1136,8/29/2025,8/29/2025
949,Stainless Steel Travel Mug,125274.73,860,8/29/2025,8/29/2025
950,LED Disco Ball Light,42723.75,18,8/29/2025,8/29/2025
951,Photo Album,12644.05,2639,8/29/2025,8/29/2025
952,Basmati Rice,103035.66,1652,8/29/2025,8/29/2025
953,Field Journal,167450.56,6434,8/29/2025,8/29/2025
954,Sweet Pea Hummus,60040.99,6032,8/29/2025,8/29/2025
955,Luxury Rolling Makeup Case,129103.54,1326,8/29/2025,8/29/2025
956,Organic Green Tea,1.26,4603,8/29/2025,8/29/2025
957,Electric Butter Churn,38395.71,8391,8/29/2025,8/29/2025
958,Smart Thermostat,21905.65,9836,8/29/2025,8/29/2025
959,Turkey Bacon,138613.46,2008,8/29/2025,8/29/2025
960,Coconut Chia Pudding,177821.52,1991,8/29/2025,8/29/2025
961,Home Karaoke System,136430.38,9061,8/29/2025,8/29/2025
962,Cooking Utensil Set,74037.02,7926,8/29/2025,8/29/2025
963,Spicy Italian Sausage,102777.72,9233,8/29/2025,8/29/2025
964,Cinnamon Spiced Almonds,169993.79,3438,8/29/2025,8/29/2025
965,Garden Hose Reel,152189.96,4921,8/29/2025,8/29/2025
966,Caramel Apple Chips,180043.02,2400,8/29/2025,8/29/2025
967,Maple Pecan Oatmeal Cookies,193662.07,9374,8/29/2025,8/29/2025
968,Sliced Turkey Breast,165702.41,8077,8/29/2025,8/29/2025
969,Cotton Pajama Set,75412.27,1288,8/29/2025,8/29/2025
970,Pet Nail Clipper,27039.11,4714,8/29/2025,8/29/2025
971,Pasta Sauce Mix,112156.61,9419,8/29/2025,8/29/2025
972,LED Under Cabinet Lighting,117893.25,672,8/29/2025,8/29/2025
973,Taro Chips,47095.36,9771,8/29/2025,8/29/2025
974,Organic Spinach,82519.49,5287,8/29/2025,8/29/2025
975,Adjustable Window Blind,151439.82,1160,8/29/2025,8/29/2025
976,Miso Dressing,151173.66,3561,8/29/2025,8/29/2025
977,Screen Cleaning Kit,165354.86,1715,8/29/2025,8/29/2025
978,Hummus Variety Pack,79653.05,9113,8/29/2025,8/29/2025
979,Honey Lemon Tea,36556.54,2304,8/29/2025,8/29/2025
980,Creamy Garlic Dressing,118497.27,8507,8/29/2025,8/29/2025
981,Organic Sweet Potatoes,19343.76,4423,8/29/2025,8/29/2025
982,Peach Slices (canned),19398.93,7572,8/29/2025,8/29/2025
983,Lightweight Workout Tank,193437.24,9448,8/29/2025,8/29/2025
984,Picnic Blanket,169315.43,5857,8/29/2025,8/29/2025
985,Bamboo Utensil Holder,2335.41,5083,8/29/2025,8/29/2025
986,Vanilla Ice Cream,141850.21,2300,8/29/2025,8/29/2025
987,Casual Long Cardigan,30688.13,6069,8/29/2025,8/29/2025
988,Steak Seasoning Rub,186950.61,8016,8/29/2025,8/29/2025
989,Cookbook,127892.68,9199,8/29/2025,8/29/2025
990,Bamboo Cutting Board Set,192082.28,812,8/29/2025,8/29/2025
991,Inflatable Party Cooler,74161.35,3352,8/29/2025,8/29/2025
992,Zesty Garlic Marinade,69439.32,7488,8/29/2025,8/29/2025
993,Portable Air Pump,118194.51,8154,8/29/2025,8/29/2025
994,Drone,51898.4,1167,8/29/2025,8/29/2025
995,Chocolate Mint Protein Shake,13773.62,5027,8/29/2025,8/29/2025
996,Maple Bacon Popcorn,76256.02,8280,8/29/2025,8/29/2025
997,Phone Screen Protector,95.04,9864,8/29/2025,8/29/2025
998,Spicy Avocado Salsa,50312.64,1326,8/29/2025,8/29/2025
999,Lemon Dill Chicken Skewers,173844.03,6566,8/29/2025,8/29/2025
1000,Canvas Tote Bag,69709.29,9187,8/29/2025,8/29/2025
